origen,destino,autor_id,video_id,autor,video,canal,peso,tipo_arista
a:UCyJhqmMbsvjpoarBBStA2kg,v:6W4u8sGEnGM,UCyJhqmMbsvjpoarBBStA2kg,6W4u8sGEnGM,@Murmullodelbarrio,Inician los trabajos de recuperación del Puente Belice II.,Gobierno de la República de Guatemala,6,autor-video
a:UCi2KiZq63sRq8Mfbcp-MelQ,v:OkXlHx0hx-8,UCi2KiZq63sRq8Mfbcp-MelQ,OkXlHx0hx-8,@eugeneramirez4405,EE.UU. envía a mexicanos deportados a Guatemala antes de su regreso a México | Noticias Telemundo,Noticias Telemundo,6,autor-video
a:UC5H8ASmMC9WrURmzeB4ySog,v:n8iP75gIpmw,UC5H8ASmMC9WrURmzeB4ySog,n8iP75gIpmw,@ManuelEdran,Qué rico come tu diputado,Quorum,5,autor-video
a:UCV3fr-YOixFKCZBbJP1-X4w,v:6W4u8sGEnGM,UCV3fr-YOixFKCZBbJP1-X4w,6W4u8sGEnGM,@albertoshernandez5251,Inician los trabajos de recuperación del Puente Belice II.,Gobierno de la República de Guatemala,5,autor-video
a:UC9vMq1YF-e7C-VO0SHkbUTA,v:n8iP75gIpmw,UC9vMq1YF-e7C-VO0SHkbUTA,n8iP75gIpmw,@ErvinLeonardoCarreraLatín,Qué rico come tu diputado,Quorum,4,autor-video
a:UC3XTwHxygNCgjndsg-UiCQA,v:n8iP75gIpmw,UC3XTwHxygNCgjndsg-UiCQA,n8iP75gIpmw,@marioajset4283,Qué rico come tu diputado,Quorum,3,autor-video
a:UChs3tU2BcKOT0CezykvAsGw,v:n8iP75gIpmw,UChs3tU2BcKOT0CezykvAsGw,n8iP75gIpmw,@byronpontaza,Qué rico come tu diputado,Quorum,3,autor-video
a:UCg3eIfd7BrsLEqS0BLkftHA,v:PjmxCj-a9Hg,UCg3eIfd7BrsLEqS0BLkftHA,PjmxCj-a9Hg,@ErmePérez-q4s,Conferencia de Prensa del Gobierno de Guatemala. #LaRondaGt,Gobierno de la República de Guatemala,3,autor-video
a:UCFjudnPLoaSL1BaRuLahyHg,v:n8iP75gIpmw,UCFjudnPLoaSL1BaRuLahyHg,n8iP75gIpmw,@HaroldoCastillo-rh9iw,Qué rico come tu diputado,Quorum,3,autor-video
a:UCNIeXbV_mEwpa412h1aqUWw,v:PjmxCj-a9Hg,UCNIeXbV_mEwpa412h1aqUWw,PjmxCj-a9Hg,@juandeleon9060,Conferencia de Prensa del Gobierno de Guatemala. #LaRondaGt,Gobierno de la República de Guatemala,3,autor-video
a:UCh5ESQvtzyHDhCA7XyekCFA,v:n8iP75gIpmw,UCh5ESQvtzyHDhCA7XyekCFA,n8iP75gIpmw,@andyB5280,Qué rico come tu diputado,Quorum,3,autor-video
a:UC72gBAtyb_VXQlYDcFrh6oQ,v:n8iP75gIpmw,UC72gBAtyb_VXQlYDcFrh6oQ,n8iP75gIpmw,@osmanmorales3012,Qué rico come tu diputado,Quorum,3,autor-video
a:UCNBnKqWf4d-rS4HwJRQljmQ,v:n8iP75gIpmw,UCNBnKqWf4d-rS4HwJRQljmQ,n8iP75gIpmw,@LE_A22,Qué rico come tu diputado,Quorum,2,autor-video
a:UCtNyHmRZtvGF2hSvI2dUBWw,v:PjmxCj-a9Hg,UCtNyHmRZtvGF2hSvI2dUBWw,PjmxCj-a9Hg,@aureliomaldonado4793,Conferencia de Prensa del Gobierno de Guatemala. #LaRondaGt,Gobierno de la República de Guatemala,2,autor-video
a:UCylqlpsh8ENNM1LqgQ1KbxA,v:j43HgwYFKfk,UCylqlpsh8ENNM1LqgQ1KbxA,j43HgwYFKfk,@Jel.Awesh.M,La cooptación de Walter Mazariegos en la USAC,Quorum,2,autor-video
a:UCp29O_C7cchZV8IxV7Crdag,v:6W4u8sGEnGM,UCp29O_C7cchZV8IxV7Crdag,6W4u8sGEnGM,@robertoescobar5507,Inician los trabajos de recuperación del Puente Belice II.,Gobierno de la República de Guatemala,2,autor-video
a:UCkd9W714-947dEE6ZOEBATA,v:n8iP75gIpmw,UCkd9W714-947dEE6ZOEBATA,n8iP75gIpmw,@ARGELIATELON,Qué rico come tu diputado,Quorum,2,autor-video
a:UCut6b9S98nv84cVX89PmKzA,v:n8iP75gIpmw,UCut6b9S98nv84cVX89PmKzA,n8iP75gIpmw,@yeniferaguirre4498,Qué rico come tu diputado,Quorum,2,autor-video
a:UCBlm80VQ4YoV3bUJR_XhkaQ,v:OkXlHx0hx-8,UCBlm80VQ4YoV3bUJR_XhkaQ,OkXlHx0hx-8,@rosadiaz6945,EE.UU. envía a mexicanos deportados a Guatemala antes de su regreso a México | Noticias Telemundo,Noticias Telemundo,2,autor-video
a:UC-QOpE7GOxlXcHZ8b7HbQKA,v:OkXlHx0hx-8,UC-QOpE7GOxlXcHZ8b7HbQKA,OkXlHx0hx-8,@mariaalexander427,EE.UU. envía a mexicanos deportados a Guatemala antes de su regreso a México | Noticias Telemundo,Noticias Telemundo,2,autor-video
a:UCtCtts20bW6F9CSohau51Iw,v:6W4u8sGEnGM,UCtCtts20bW6F9CSohau51Iw,6W4u8sGEnGM,@carlosgranados9875,Inician los trabajos de recuperación del Puente Belice II.,Gobierno de la República de Guatemala,2,autor-video
a:UC7IMsCxfZyWN7YQo8-JYa6Q,v:PjmxCj-a9Hg,UC7IMsCxfZyWN7YQo8-JYa6Q,PjmxCj-a9Hg,@Burgos68,Conferencia de Prensa del Gobierno de Guatemala. #LaRondaGt,Gobierno de la República de Guatemala,2,autor-video
a:UCi1b_TRQfgO1Z9O2gNGGWNA,v:n8iP75gIpmw,UCi1b_TRQfgO1Z9O2gNGGWNA,n8iP75gIpmw,@davidisraelesquitsaquil,Qué rico come tu diputado,Quorum,2,autor-video
a:UCAxvOOHQk7dYPOajzFEVtbA,v:06mFNPU0aB8,UCAxvOOHQk7dYPOajzFEVtbA,06mFNPU0aB8,@ruddydepaz322,Capturan a presuntos delincuentes disfrazados de mujer señalados de cometer asalto,Noti7,2,autor-video
a:UCHhHUjaMAZ8SiXdCUCj9DkQ,v:n8iP75gIpmw,UCHhHUjaMAZ8SiXdCUCj9DkQ,n8iP75gIpmw,@fredymendez1786,Qué rico come tu diputado,Quorum,2,autor-video
a:UCoGdCoJg2Lh0OX_jv6cG16g,v:6W4u8sGEnGM,UCoGdCoJg2Lh0OX_jv6cG16g,6W4u8sGEnGM,@Israel-u5i7i,Inician los trabajos de recuperación del Puente Belice II.,Gobierno de la República de Guatemala,2,autor-video
a:UCL13XhnRzbGokEkCkEOb0-g,v:n8iP75gIpmw,UCL13XhnRzbGokEkCkEOb0-g,n8iP75gIpmw,@raquelprado3643,Qué rico come tu diputado,Quorum,2,autor-video
a:UCrJn_rbo_ENAdeqneS-RmRw,v:n8iP75gIpmw,UCrJn_rbo_ENAdeqneS-RmRw,n8iP75gIpmw,@josecarrera9623,Qué rico come tu diputado,Quorum,2,autor-video
a:UCOLGv5Pf6BF2wFcwUzgcvHg,v:n8iP75gIpmw,UCOLGv5Pf6BF2wFcwUzgcvHg,n8iP75gIpmw,@welfrealdana5559,Qué rico come tu diputado,Quorum,2,autor-video
a:UCVC2QugcI1G4RvlCiUqd1aQ,v:ndAZjHqzzT8,UCVC2QugcI1G4RvlCiUqd1aQ,ndAZjHqzzT8,@rwdm76,Internet: escoger el menos malo,Quorum,2,autor-video
a:UCQ_-LPP8JAbfkc-b1Q6NvWw,v:n8iP75gIpmw,UCQ_-LPP8JAbfkc-b1Q6NvWw,n8iP75gIpmw,@MegaKristenstewart,Qué rico come tu diputado,Quorum,2,autor-video
a:UCXXh7yg5KUFIWylTiKVEFKQ,v:n8iP75gIpmw,UCXXh7yg5KUFIWylTiKVEFKQ,n8iP75gIpmw,@MrDuenderojo,Qué rico come tu diputado,Quorum,2,autor-video
a:UCwW2OFy95P7ZBkOPxWkpvYg,v:n8iP75gIpmw,UCwW2OFy95P7ZBkOPxWkpvYg,n8iP75gIpmw,@TeresaLucero-b5o,Qué rico come tu diputado,Quorum,2,autor-video
a:UCvcu1kR8xMYy_I1Ty-2mV2Q,v:ndAZjHqzzT8,UCvcu1kR8xMYy_I1Ty-2mV2Q,ndAZjHqzzT8,@hashojea7348,Internet: escoger el menos malo,Quorum,2,autor-video
a:UCHTGCgY2l-DQJIvlA_cpa_Q,v:n8iP75gIpmw,UCHTGCgY2l-DQJIvlA_cpa_Q,n8iP75gIpmw,@virgiliogarcia3039,Qué rico come tu diputado,Quorum,2,autor-video
a:UCLFdHr9BEbXHkoJopbEPLZw,v:n8iP75gIpmw,UCLFdHr9BEbXHkoJopbEPLZw,n8iP75gIpmw,@kanterra4584,Qué rico come tu diputado,Quorum,2,autor-video
a:UCz3gu01bmjNv0DpRq-K3XYg,v:n8iP75gIpmw,UCz3gu01bmjNv0DpRq-K3XYg,n8iP75gIpmw,@eusebiovasquez4385,Qué rico come tu diputado,Quorum,2,autor-video
a:UCQtICyzWmhC5woCtbNgaSmg,v:n8iP75gIpmw,UCQtICyzWmhC5woCtbNgaSmg,n8iP75gIpmw,@nestormendez6216,Qué rico come tu diputado,Quorum,2,autor-video
a:UCWaRixDdpgllTBf4V0jPnKQ,v:6W4u8sGEnGM,UCWaRixDdpgllTBf4V0jPnKQ,6W4u8sGEnGM,@hectormaaz5523,Inician los trabajos de recuperación del Puente Belice II.,Gobierno de la República de Guatemala,2,autor-video
a:UCLggDc_a5HriXv7I1h02sOA,v:n8iP75gIpmw,UCLggDc_a5HriXv7I1h02sOA,n8iP75gIpmw,@guillermogonzalez5153,Qué rico come tu diputado,Quorum,2,autor-video
a:UCxKR3RA8T-kxMgq_2WWhRcQ,v:lj983NWyAQY,UCxKR3RA8T-kxMgq_2WWhRcQ,lj983NWyAQY,@elenaluarca9377,Plan 2032 Ciudad de Guatemala,Municipalidad de Guatemala,1,autor-video
a:UC_ljZ1hZXR9pzexFz87P5ZA,v:lj983NWyAQY,UC_ljZ1hZXR9pzexFz87P5ZA,lj983NWyAQY,@ChRiStOpHeR7969,Plan 2032 Ciudad de Guatemala,Municipalidad de Guatemala,1,autor-video
a:UC0RpuMwkDKJYqgKHtsJRuWQ,v:lj983NWyAQY,UC0RpuMwkDKJYqgKHtsJRuWQ,lj983NWyAQY,@sabinamarinaguerra3248,Plan 2032 Ciudad de Guatemala,Municipalidad de Guatemala,1,autor-video
a:UCIUhbSCy3-SGRe5UtqM4fzQ,v:lj983NWyAQY,UCIUhbSCy3-SGRe5UtqM4fzQ,lj983NWyAQY,@jeanmorales1677,Plan 2032 Ciudad de Guatemala,Municipalidad de Guatemala,1,autor-video
a:UC0aEyakBPqcBkVJiErfSupQ,v:lj983NWyAQY,UC0aEyakBPqcBkVJiErfSupQ,lj983NWyAQY,@jhonymanuel9891,Plan 2032 Ciudad de Guatemala,Municipalidad de Guatemala,1,autor-video
a:UCqilIa8r7iek5sGYg_q6ofA,v:lj983NWyAQY,UCqilIa8r7iek5sGYg_q6ofA,lj983NWyAQY,@rolandojuchuna484,Plan 2032 Ciudad de Guatemala,Municipalidad de Guatemala,1,autor-video
a:UC5fvhAfm89JH8eDFdvc0xYw,v:lj983NWyAQY,UC5fvhAfm89JH8eDFdvc0xYw,lj983NWyAQY,@isaidiaz2388,Plan 2032 Ciudad de Guatemala,Municipalidad de Guatemala,1,autor-video
a:UCHMQ_lDhibZ-XZ_3fo6oxwg,v:lj983NWyAQY,UCHMQ_lDhibZ-XZ_3fo6oxwg,lj983NWyAQY,@crislexrubi4387,Plan 2032 Ciudad de Guatemala,Municipalidad de Guatemala,1,autor-video
a:UCs_5qeqdku9tGAq22y3OcuQ,v:lj983NWyAQY,UCs_5qeqdku9tGAq22y3OcuQ,lj983NWyAQY,@alexandrevasquez4135,Plan 2032 Ciudad de Guatemala,Municipalidad de Guatemala,1,autor-video
a:UCFOxCyF926Y9eHhMeVoWLzw,v:lj983NWyAQY,UCFOxCyF926Y9eHhMeVoWLzw,lj983NWyAQY,@arielsarc09,Plan 2032 Ciudad de Guatemala,Municipalidad de Guatemala,1,autor-video
a:UCIp19h9igblA2YKfSLPDAug,v:lj983NWyAQY,UCIp19h9igblA2YKfSLPDAug,lj983NWyAQY,@JoseReyes-rn6sh,Plan 2032 Ciudad de Guatemala,Municipalidad de Guatemala,1,autor-video
a:UCgLrWFdYitoP-b7-PxtUr-w,v:lj983NWyAQY,UCgLrWFdYitoP-b7-PxtUr-w,lj983NWyAQY,@zetag,Plan 2032 Ciudad de Guatemala,Municipalidad de Guatemala,1,autor-video
a:UCyzf29IYjNw67gGIfsjgtxA,v:lj983NWyAQY,UCyzf29IYjNw67gGIfsjgtxA,lj983NWyAQY,@carlosoliva9249,Plan 2032 Ciudad de Guatemala,Municipalidad de Guatemala,1,autor-video
a:UCaT6M2zp7X6r6Whd8Vv3kHQ,v:lj983NWyAQY,UCaT6M2zp7X6r6Whd8Vv3kHQ,lj983NWyAQY,@alexarcos8349,Plan 2032 Ciudad de Guatemala,Municipalidad de Guatemala,1,autor-video
a:UCGqKxQS-z3NZzZF-2w338AA,v:lj983NWyAQY,UCGqKxQS-z3NZzZF-2w338AA,lj983NWyAQY,@samuelaguilar529,Plan 2032 Ciudad de Guatemala,Municipalidad de Guatemala,1,autor-video
a:UCtMBF_1O2jY2INlb_luuB_A,v:lj983NWyAQY,UCtMBF_1O2jY2INlb_luuB_A,lj983NWyAQY,@mynorgudiel8646,Plan 2032 Ciudad de Guatemala,Municipalidad de Guatemala,1,autor-video
a:UCwUAv3_LpWVtTIi7lkmTL7A,v:lj983NWyAQY,UCwUAv3_LpWVtTIi7lkmTL7A,lj983NWyAQY,@kingr4706,Plan 2032 Ciudad de Guatemala,Municipalidad de Guatemala,1,autor-video
a:UCRznz9-N3Qc1w-qNdLSIY2Q,v:lj983NWyAQY,UCRznz9-N3Qc1w-qNdLSIY2Q,lj983NWyAQY,@jimmygomez724,Plan 2032 Ciudad de Guatemala,Municipalidad de Guatemala,1,autor-video
a:UCY7Hq7F9Lnucf-Yr6JkHZNw,v:lj983NWyAQY,UCY7Hq7F9Lnucf-Yr6JkHZNw,lj983NWyAQY,@maynorcalel1442,Plan 2032 Ciudad de Guatemala,Municipalidad de Guatemala,1,autor-video
a:UCSTAUWVc1_82DHYeqOsqEFA,v:lj983NWyAQY,UCSTAUWVc1_82DHYeqOsqEFA,lj983NWyAQY,@TheAlexX_C,Plan 2032 Ciudad de Guatemala,Municipalidad de Guatemala,1,autor-video
a:UCdFlugHJJa4l3YqWuNRmvXw,v:j43HgwYFKfk,UCdFlugHJJa4l3YqWuNRmvXw,j43HgwYFKfk,@MarcosCarillo-b1r,La cooptación de Walter Mazariegos en la USAC,Quorum,1,autor-video
a:UC5PyGvSfFM--OVKmQ3COu6g,v:lj983NWyAQY,UC5PyGvSfFM--OVKmQ3COu6g,lj983NWyAQY,@FreddyGmez,Plan 2032 Ciudad de Guatemala,Municipalidad de Guatemala,1,autor-video
a:UCXmrpc6Li0spcKxtS0Q_ptg,v:lj983NWyAQY,UCXmrpc6Li0spcKxtS0Q_ptg,lj983NWyAQY,@melvinperez6710,Plan 2032 Ciudad de Guatemala,Municipalidad de Guatemala,1,autor-video
a:UCpl8rF8uv_8uui-QRvuJaRA,v:n8iP75gIpmw,UCpl8rF8uv_8uui-QRvuJaRA,n8iP75gIpmw,@SergioGarcia-z9c,Qué rico come tu diputado,Quorum,1,autor-video
a:UC9xr9QvIcDvoZNUX5f-jaZw,v:n8iP75gIpmw,UC9xr9QvIcDvoZNUX5f-jaZw,n8iP75gIpmw,@MariaaliciaColonmorales,Qué rico come tu diputado,Quorum,1,autor-video
a:UCsSXdJct-nsS8DsABoEsaYA,v:n8iP75gIpmw,UCsSXdJct-nsS8DsABoEsaYA,n8iP75gIpmw,@IvánPérez-j4j,Qué rico come tu diputado,Quorum,1,autor-video
a:UCl0ekS9Tt0jJGtOEM18S63w,v:n8iP75gIpmw,UCl0ekS9Tt0jJGtOEM18S63w,n8iP75gIpmw,@monkchapin,Qué rico come tu diputado,Quorum,1,autor-video
a:UCKDR0f2fu2UzWL8mBv5-BHw,v:n8iP75gIpmw,UCKDR0f2fu2UzWL8mBv5-BHw,n8iP75gIpmw,@mireyamorales6595,Qué rico come tu diputado,Quorum,1,autor-video
a:UC5bG9nc_JV3FsNP2KseQiYw,v:n8iP75gIpmw,UC5bG9nc_JV3FsNP2KseQiYw,n8iP75gIpmw,@giovannirodas4836,Qué rico come tu diputado,Quorum,1,autor-video
a:UCYN4wSQ1Sx4_LurxLlW7MPg,v:n8iP75gIpmw,UCYN4wSQ1Sx4_LurxLlW7MPg,n8iP75gIpmw,@belarminavillatoro6474,Qué rico come tu diputado,Quorum,1,autor-video
a:UChZknRmJkeGeQk0-mQuhDOg,v:n8iP75gIpmw,UChZknRmJkeGeQk0-mQuhDOg,n8iP75gIpmw,@OdilioRodríguez-c5w,Qué rico come tu diputado,Quorum,1,autor-video
a:UC-jS_kA9w-OmpupXDx156Rg,v:n8iP75gIpmw,UC-jS_kA9w-OmpupXDx156Rg,n8iP75gIpmw,@simoncreyesc7579,Qué rico come tu diputado,Quorum,1,autor-video
a:UCFxE8GbokBrBsPEKM1xrOjQ,v:n8iP75gIpmw,UCFxE8GbokBrBsPEKM1xrOjQ,n8iP75gIpmw,@JuanDavila-qd7qj,Qué rico come tu diputado,Quorum,1,autor-video
a:UCwha8rxULYMVtNwZWeSkE1A,v:n8iP75gIpmw,UCwha8rxULYMVtNwZWeSkE1A,n8iP75gIpmw,@mariasamo8637,Qué rico come tu diputado,Quorum,1,autor-video
a:UCp4iw5_5SmV9VGTFSNVGOmQ,v:n8iP75gIpmw,UCp4iw5_5SmV9VGTFSNVGOmQ,n8iP75gIpmw,@CARLOSSTREMS51,Qué rico come tu diputado,Quorum,1,autor-video
a:UCfM3nrxtTQMY5jFx1v1J4Gg,v:n8iP75gIpmw,UCfM3nrxtTQMY5jFx1v1J4Gg,n8iP75gIpmw,@edgarroldan5539,Qué rico come tu diputado,Quorum,1,autor-video
a:UCDPWkUX3sNNaCx-m1dV4glA,v:n8iP75gIpmw,UCDPWkUX3sNNaCx-m1dV4glA,n8iP75gIpmw,@hectoroliva949,Qué rico come tu diputado,Quorum,1,autor-video
a:UC650pRT-OYzny3GwOH8Cgfw,v:n8iP75gIpmw,UC650pRT-OYzny3GwOH8Cgfw,n8iP75gIpmw,@edvinparedesherrera7632,Qué rico come tu diputado,Quorum,1,autor-video
a:UCTD6q1nyIe3Y7HhqjaMj72w,v:n8iP75gIpmw,UCTD6q1nyIe3Y7HhqjaMj72w,n8iP75gIpmw,@JuanChang-r6k,Qué rico come tu diputado,Quorum,1,autor-video
a:UCFoIAE8k82D6AV-8gjjKaNg,v:n8iP75gIpmw,UCFoIAE8k82D6AV-8gjjKaNg,n8iP75gIpmw,@eddymunoz9789,Qué rico come tu diputado,Quorum,1,autor-video
a:UC2weSE8rpqkGMOp6StYtVfg,v:n8iP75gIpmw,UC2weSE8rpqkGMOp6StYtVfg,n8iP75gIpmw,@katerynsantiago2907,Qué rico come tu diputado,Quorum,1,autor-video
a:UC3NMzdMYryaw82kPTnsaljg,v:n8iP75gIpmw,UC3NMzdMYryaw82kPTnsaljg,n8iP75gIpmw,@marisosa7832,Qué rico come tu diputado,Quorum,1,autor-video
a:UCSou6a2OuYGSvPjm5psquyA,v:n8iP75gIpmw,UCSou6a2OuYGSvPjm5psquyA,n8iP75gIpmw,@FranciscoRivera-sf7ne,Qué rico come tu diputado,Quorum,1,autor-video
a:UCA93ym2TXs_Ibyxb4Vcn-6Q,v:n8iP75gIpmw,UCA93ym2TXs_Ibyxb4Vcn-6Q,n8iP75gIpmw,@oswaldosolis8728,Qué rico come tu diputado,Quorum,1,autor-video
a:UCgLurCo-e019HGODcjXHWCw,v:lj983NWyAQY,UCgLurCo-e019HGODcjXHWCw,lj983NWyAQY,@perritojuega1,Plan 2032 Ciudad de Guatemala,Municipalidad de Guatemala,1,autor-video
a:UC-hfX8J5JPJ-dfuakzegMLA,v:n8iP75gIpmw,UC-hfX8J5JPJ-dfuakzegMLA,n8iP75gIpmw,@normaleticiaorozcojuarez2418,Qué rico come tu diputado,Quorum,1,autor-video
a:UCsjs5Hp_r86x1xbK6FAeqaA,v:n8iP75gIpmw,UCsjs5Hp_r86x1xbK6FAeqaA,n8iP75gIpmw,@alvaroesquivel563,Qué rico come tu diputado,Quorum,1,autor-video
a:UCi-vPdnpQreC7BkFs40mJGA,v:lj983NWyAQY,UCi-vPdnpQreC7BkFs40mJGA,lj983NWyAQY,@bryansicasales4280,Plan 2032 Ciudad de Guatemala,Municipalidad de Guatemala,1,autor-video
a:UCjSKM9j0Q7HLDr1hD6D-TUw,v:n8iP75gIpmw,UCjSKM9j0Q7HLDr1hD6D-TUw,n8iP75gIpmw,@josehidalgo4875,Qué rico come tu diputado,Quorum,1,autor-video
a:UCr1emrogPKkKTs_WTtx71xg,v:n8iP75gIpmw,UCr1emrogPKkKTs_WTtx71xg,n8iP75gIpmw,@domingopeneleu6457,Qué rico come tu diputado,Quorum,1,autor-video
a:UCAmtbUiIrUIhikru0ZoTFig,v:n8iP75gIpmw,UCAmtbUiIrUIhikru0ZoTFig,n8iP75gIpmw,@Aura-vf6dm,Qué rico come tu diputado,Quorum,1,autor-video
a:UCtNfIBnc5S5DbbQj_yxgJTw,v:n8iP75gIpmw,UCtNfIBnc5S5DbbQj_yxgJTw,n8iP75gIpmw,@JosueRamirez-ey3ih,Qué rico come tu diputado,Quorum,1,autor-video
a:UCXgr7vXlRrsaskPdo097kGA,v:n8iP75gIpmw,UCXgr7vXlRrsaskPdo097kGA,n8iP75gIpmw,@Rogergh-nw4oj,Qué rico come tu diputado,Quorum,1,autor-video
a:UCsJJAvrVGupdmhOqgtDp8dg,v:n8iP75gIpmw,UCsJJAvrVGupdmhOqgtDp8dg,n8iP75gIpmw,@nestorlorenzana1168,Qué rico come tu diputado,Quorum,1,autor-video
a:UCiMythXHsw7eQEMykCdmMUA,v:n8iP75gIpmw,UCiMythXHsw7eQEMykCdmMUA,n8iP75gIpmw,@JavierBecerra-h6x,Qué rico come tu diputado,Quorum,1,autor-video
a:UCvApqeCbLod-wejtT4CcVuA,v:n8iP75gIpmw,UCvApqeCbLod-wejtT4CcVuA,n8iP75gIpmw,@davidgaher9550,Qué rico come tu diputado,Quorum,1,autor-video
a:UCDUffaruH6dyUnUGwsTKpgg,v:n8iP75gIpmw,UCDUffaruH6dyUnUGwsTKpgg,n8iP75gIpmw,@luisletona2842,Qué rico come tu diputado,Quorum,1,autor-video
a:UCmvOgzmmXbjUthHy-WJ52hQ,v:n8iP75gIpmw,UCmvOgzmmXbjUthHy-WJ52hQ,n8iP75gIpmw,@mariorodas593,Qué rico come tu diputado,Quorum,1,autor-video
a:UC4cXueR2bKGFJV0Fk76gwmA,v:n8iP75gIpmw,UC4cXueR2bKGFJV0Fk76gwmA,n8iP75gIpmw,@aluxdel4792,Qué rico come tu diputado,Quorum,1,autor-video
a:UCylqlpsh8ENNM1LqgQ1KbxA,v:n8iP75gIpmw,UCylqlpsh8ENNM1LqgQ1KbxA,n8iP75gIpmw,@Jel.Awesh.M,Qué rico come tu diputado,Quorum,1,autor-video
a:UCRETAiYdh2dL5ZxB0_N1zDA,v:n8iP75gIpmw,UCRETAiYdh2dL5ZxB0_N1zDA,n8iP75gIpmw,@Joseroland21,Qué rico come tu diputado,Quorum,1,autor-video
a:UCbrtvygfRT6QXqWDNrOf-cA,v:ndAZjHqzzT8,UCbrtvygfRT6QXqWDNrOf-cA,ndAZjHqzzT8,@Alejandro00710,Internet: escoger el menos malo,Quorum,1,autor-video
a:UCRcSR3Lvn9DZAmJpVPANfZQ,v:lj983NWyAQY,UCRcSR3Lvn9DZAmJpVPANfZQ,lj983NWyAQY,@WalksandSuch,Plan 2032 Ciudad de Guatemala,Municipalidad de Guatemala,1,autor-video
a:UCHu8x4MVkayU6VgwVKd--MQ,v:b_Hkrkl3adA,UCHu8x4MVkayU6VgwVKd--MQ,b_Hkrkl3adA,@Hernandez-i1o,Bloqueos en Guatemala este 31 de agosto por alza en combustibles afectan rutas principales,PrensaLibreOficial,1,autor-video
a:UCGX_UbAQOXGZknv5iqklwTA,v:PjmxCj-a9Hg,UCGX_UbAQOXGZknv5iqklwTA,PjmxCj-a9Hg,@ronaldgarcia8522,Conferencia de Prensa del Gobierno de Guatemala. #LaRondaGt,Gobierno de la República de Guatemala,1,autor-video
a:UCHTGCgY2l-DQJIvlA_cpa_Q,v:PjmxCj-a9Hg,UCHTGCgY2l-DQJIvlA_cpa_Q,PjmxCj-a9Hg,@virgiliogarcia3039,Conferencia de Prensa del Gobierno de Guatemala. #LaRondaGt,Gobierno de la República de Guatemala,1,autor-video
a:UCgQJgI9vu1FI2dnC9mrFthw,v:PjmxCj-a9Hg,UCgQJgI9vu1FI2dnC9mrFthw,PjmxCj-a9Hg,@srms70,Conferencia de Prensa del Gobierno de Guatemala. #LaRondaGt,Gobierno de la República de Guatemala,1,autor-video
a:UC8xlJWNHz1V_W6q3fbuQH8g,v:PjmxCj-a9Hg,UC8xlJWNHz1V_W6q3fbuQH8g,PjmxCj-a9Hg,@NormaLópez-v7e,Conferencia de Prensa del Gobierno de Guatemala. #LaRondaGt,Gobierno de la República de Guatemala,1,autor-video
a:UCzZ6dDCEsLMXbc5pCFXIprw,v:PjmxCj-a9Hg,UCzZ6dDCEsLMXbc5pCFXIprw,PjmxCj-a9Hg,@josegil3813,Conferencia de Prensa del Gobierno de Guatemala. #LaRondaGt,Gobierno de la República de Guatemala,1,autor-video
a:UCVQf0tzL7xRzFJsABVVULpg,v:PjmxCj-a9Hg,UCVQf0tzL7xRzFJsABVVULpg,PjmxCj-a9Hg,@DennisseLopetegi,Conferencia de Prensa del Gobierno de Guatemala. #LaRondaGt,Gobierno de la República de Guatemala,1,autor-video
a:UCbYoNG5J3Au5BqtbXogfEFw,v:PjmxCj-a9Hg,UCbYoNG5J3Au5BqtbXogfEFw,PjmxCj-a9Hg,@Luis-gn3fj,Conferencia de Prensa del Gobierno de Guatemala. #LaRondaGt,Gobierno de la República de Guatemala,1,autor-video
a:UCf5lnNZF7Qrtli9v4N_23WQ,v:PjmxCj-a9Hg,UCf5lnNZF7Qrtli9v4N_23WQ,PjmxCj-a9Hg,@CarlosCortez-v5r,Conferencia de Prensa del Gobierno de Guatemala. #LaRondaGt,Gobierno de la República de Guatemala,1,autor-video
a:UCPZueDLrCS4BmTBRMA4q0fA,v:PjmxCj-a9Hg,UCPZueDLrCS4BmTBRMA4q0fA,PjmxCj-a9Hg,@kevinochoa3695,Conferencia de Prensa del Gobierno de Guatemala. #LaRondaGt,Gobierno de la República de Guatemala,1,autor-video
a:UCAV7QIjYhbDJaycQycM_0eQ,v:PjmxCj-a9Hg,UCAV7QIjYhbDJaycQycM_0eQ,PjmxCj-a9Hg,@mariavail8998,Conferencia de Prensa del Gobierno de Guatemala. #LaRondaGt,Gobierno de la República de Guatemala,1,autor-video
a:UCusjriFsDHEc2AOjqk-p5ig,v:PjmxCj-a9Hg,UCusjriFsDHEc2AOjqk-p5ig,PjmxCj-a9Hg,@pablobarrios7931,Conferencia de Prensa del Gobierno de Guatemala. #LaRondaGt,Gobierno de la República de Guatemala,1,autor-video
a:UClsrFGJKWPxxw7MiaEdKLXw,v:PjmxCj-a9Hg,UClsrFGJKWPxxw7MiaEdKLXw,PjmxCj-a9Hg,@ericapaz5406,Conferencia de Prensa del Gobierno de Guatemala. #LaRondaGt,Gobierno de la República de Guatemala,1,autor-video
a:UCuP4UK33HKtJE_S39ksmaTw,v:PjmxCj-a9Hg,UCuP4UK33HKtJE_S39ksmaTw,PjmxCj-a9Hg,@herbertaguilar1387,Conferencia de Prensa del Gobierno de Guatemala. #LaRondaGt,Gobierno de la República de Guatemala,1,autor-video
a:UCN2N_wYOw6fMwCeSzdXLPIw,v:PjmxCj-a9Hg,UCN2N_wYOw6fMwCeSzdXLPIw,PjmxCj-a9Hg,@danielantoniogonzalezflore4901,Conferencia de Prensa del Gobierno de Guatemala. #LaRondaGt,Gobierno de la República de Guatemala,1,autor-video
a:UC1Y7x3h0c95Z8kUhi-Tzaeg,v:PjmxCj-a9Hg,UC1Y7x3h0c95Z8kUhi-Tzaeg,PjmxCj-a9Hg,@rosadiaz9235,Conferencia de Prensa del Gobierno de Guatemala. #LaRondaGt,Gobierno de la República de Guatemala,1,autor-video
a:UCHGd14aYuZZShLD73dkk6mg,v:JkpVO1hx2f8,UCHGd14aYuZZShLD73dkk6mg,JkpVO1hx2f8,@noemiherrera3152,10 Preguntas a un año del Paro Nacional,Quorum,1,autor-video
a:UCWWkebAekppaL5b5CNlppuw,v:JkpVO1hx2f8,UCWWkebAekppaL5b5CNlppuw,JkpVO1hx2f8,@ninettmartinez425,10 Preguntas a un año del Paro Nacional,Quorum,1,autor-video
a:UC3iIU62XKUOWuqL8BqBzj9A,v:b_Hkrkl3adA,UC3iIU62XKUOWuqL8BqBzj9A,b_Hkrkl3adA,@antonioduarte2288,Bloqueos en Guatemala este 31 de agosto por alza en combustibles afectan rutas principales,PrensaLibreOficial,1,autor-video
a:UC9Wp6vL5oCU37qC3Aj94WZA,v:b_Hkrkl3adA,UC9Wp6vL5oCU37qC3Aj94WZA,b_Hkrkl3adA,@ManuelSanchez-b8q2z,Bloqueos en Guatemala este 31 de agosto por alza en combustibles afectan rutas principales,PrensaLibreOficial,1,autor-video
a:UCZOmq6MwFDVoCaEl99BRRaw,v:ndAZjHqzzT8,UCZOmq6MwFDVoCaEl99BRRaw,ndAZjHqzzT8,@daniloarevalo3170,Internet: escoger el menos malo,Quorum,1,autor-video
a:UCsUCN0Yq_UyTvKjOJLmNrnQ,v:b_Hkrkl3adA,UCsUCN0Yq_UyTvKjOJLmNrnQ,b_Hkrkl3adA,@moisesvaldez4043,Bloqueos en Guatemala este 31 de agosto por alza en combustibles afectan rutas principales,PrensaLibreOficial,1,autor-video
a:UC_NRVt2UP88ZNTwzrZ66JSg,v:UhL9y3KUl8E,UC_NRVt2UP88ZNTwzrZ66JSg,UhL9y3KUl8E,@aditalissethevasquezrojas8039,SHAI WA: la vecina queer de Casa Presidencial,Quorum,1,autor-video
a:UCyor0Mmm0ivLX2jIdyGp84Q,v:3Nfp9h5avBI,UCyor0Mmm0ivLX2jIdyGp84Q,3Nfp9h5avBI,@MiguelJordan-n3g,"Noticiero en Directo 1 pm, 28 de Agosto de 2026",Noticiero Guatevisión 13 Hrs.,1,autor-video
a:UCJxJC56BSAX-ArD0NAb9qnQ,v:3Nfp9h5avBI,UCJxJC56BSAX-ArD0NAb9qnQ,3Nfp9h5avBI,@alfonsowilian9157,"Noticiero en Directo 1 pm, 28 de Agosto de 2026",Noticiero Guatevisión 13 Hrs.,1,autor-video
a:UCyW68EGZey4ao_Vf2cR5Ztg,v:WIUZtitfLRw,UCyW68EGZey4ao_Vf2cR5Ztg,WIUZtitfLRw,@ZabalaXabier,Caminar en una ciudad hecha para carros,Quorum,1,autor-video
a:UCOARn3hnfkB7-_Rwa8Hoqcw,v:WIUZtitfLRw,UCOARn3hnfkB7-_Rwa8Hoqcw,WIUZtitfLRw,@nicelol5241,Caminar en una ciudad hecha para carros,Quorum,1,autor-video
a:UCZIQnb1fkwe39Iw2TAu-bGA,v:WIUZtitfLRw,UCZIQnb1fkwe39Iw2TAu-bGA,WIUZtitfLRw,@jorgegomez2237,Caminar en una ciudad hecha para carros,Quorum,1,autor-video
a:UCGj2v6Gl5bN8NSrzJMXS-CA,v:WIUZtitfLRw,UCGj2v6Gl5bN8NSrzJMXS-CA,WIUZtitfLRw,@juliogutierrez492,Caminar en una ciudad hecha para carros,Quorum,1,autor-video
a:UCVhif9eV0f8plICen2DnpKA,v:WIUZtitfLRw,UCVhif9eV0f8plICen2DnpKA,WIUZtitfLRw,@blogarteplus,Caminar en una ciudad hecha para carros,Quorum,1,autor-video
a:UCBtB5dIyx-C16UN8ClUD2UA,v:is3Mk5oC19g,UCBtB5dIyx-C16UN8ClUD2UA,is3Mk5oC19g,@alexmonzon4257,Capturan a ladrón que había quedado grabado mientras robaba en una parroquia de Retalhuleu,TN23 Guatemala,1,autor-video
a:UCfRqgt2O-vjzUDMZY_tnxQw,v:is3Mk5oC19g,UCfRqgt2O-vjzUDMZY_tnxQw,is3Mk5oC19g,@Williams-Garcia67E,Capturan a ladrón que había quedado grabado mientras robaba en una parroquia de Retalhuleu,TN23 Guatemala,1,autor-video
a:UC4kg7zuTfqQKLd2bkZrSYBA,v:is3Mk5oC19g,UC4kg7zuTfqQKLd2bkZrSYBA,is3Mk5oC19g,@zoilagarcia9019,Capturan a ladrón que había quedado grabado mientras robaba en una parroquia de Retalhuleu,TN23 Guatemala,1,autor-video
a:UCk4O-J1BhoqPmig1KLGJePA,v:is3Mk5oC19g,UCk4O-J1BhoqPmig1KLGJePA,is3Mk5oC19g,@lazarobarillas3575,Capturan a ladrón que había quedado grabado mientras robaba en una parroquia de Retalhuleu,TN23 Guatemala,1,autor-video
a:UCFFrEmn6lPYiWyElpfzTy5Q,v:is3Mk5oC19g,UCFFrEmn6lPYiWyElpfzTy5Q,is3Mk5oC19g,@denilsonlopez4083,Capturan a ladrón que había quedado grabado mientras robaba en una parroquia de Retalhuleu,TN23 Guatemala,1,autor-video
a:UCLh1Kde4_vI1sTZBkTNP7RQ,v:is3Mk5oC19g,UCLh1Kde4_vI1sTZBkTNP7RQ,is3Mk5oC19g,@JoelReynoso-d4r,Capturan a ladrón que había quedado grabado mientras robaba en una parroquia de Retalhuleu,TN23 Guatemala,1,autor-video
a:UCGm3gRBEHGRJYmtCryZLtDw,v:b_Hkrkl3adA,UCGm3gRBEHGRJYmtCryZLtDw,b_Hkrkl3adA,@JoséLopez-g6k,Bloqueos en Guatemala este 31 de agosto por alza en combustibles afectan rutas principales,PrensaLibreOficial,1,autor-video
a:UC094EFEmMSdwVa8NQjjYBXg,v:b_Hkrkl3adA,UC094EFEmMSdwVa8NQjjYBXg,b_Hkrkl3adA,@CelestinoQuej-j7k,Bloqueos en Guatemala este 31 de agosto por alza en combustibles afectan rutas principales,PrensaLibreOficial,1,autor-video
a:UC5PrBbmUlQolwqmiru7yZhw,v:b_Hkrkl3adA,UC5PrBbmUlQolwqmiru7yZhw,b_Hkrkl3adA,@lazarochavez8269,Bloqueos en Guatemala este 31 de agosto por alza en combustibles afectan rutas principales,PrensaLibreOficial,1,autor-video
a:UCQIdKuZ-OzuFqy0KjGrgesg,v:JkpVO1hx2f8,UCQIdKuZ-OzuFqy0KjGrgesg,JkpVO1hx2f8,@lyacausa,10 Preguntas a un año del Paro Nacional,Quorum,1,autor-video
a:UCQM2tCKRRytVDRxNUfCDqQQ,v:zweosulrwA8,UCQM2tCKRRytVDRxNUfCDqQQ,zweosulrwA8,@elioelias7267,Edén por Salud: empleo inclusivo para personas con discapacidad en Antigua | Super - Episodio 2,Quorum,1,autor-video
a:UCvcu1kR8xMYy_I1Ty-2mV2Q,v:WIUZtitfLRw,UCvcu1kR8xMYy_I1Ty-2mV2Q,WIUZtitfLRw,@hashojea7348,Caminar en una ciudad hecha para carros,Quorum,1,autor-video
a:UCPLW0HE3siElqCgXfgWxMqg,v:X_FAIef8qlE,UCPLW0HE3siElqCgXfgWxMqg,X_FAIef8qlE,@elizabethmonterroso7719,Cruzando la ciudad a puro Transmetro,Quorum,1,autor-video
a:UC63tFvbQ_hJhGDi2nbjssjw,v:6W4u8sGEnGM,UC63tFvbQ_hJhGDi2nbjssjw,6W4u8sGEnGM,@AbigailRodas-w2r,Inician los trabajos de recuperación del Puente Belice II.,Gobierno de la República de Guatemala,1,autor-video
a:UCZFQwqh90apuL8eFhvRBkUg,v:6W4u8sGEnGM,UCZFQwqh90apuL8eFhvRBkUg,6W4u8sGEnGM,@luisricardo9671,Inician los trabajos de recuperación del Puente Belice II.,Gobierno de la República de Guatemala,1,autor-video
a:UCql1n3Ey6ULMSOACjMe-fxQ,v:6W4u8sGEnGM,UCql1n3Ey6ULMSOACjMe-fxQ,6W4u8sGEnGM,@RolandoGonzalez-o7g,Inician los trabajos de recuperación del Puente Belice II.,Gobierno de la República de Guatemala,1,autor-video
a:UCaT4saRcyqCLE657Rq2hhZQ,v:6W4u8sGEnGM,UCaT4saRcyqCLE657Rq2hhZQ,6W4u8sGEnGM,@elmilenial4064,Inician los trabajos de recuperación del Puente Belice II.,Gobierno de la República de Guatemala,1,autor-video
a:UCjZgFEowMBrsjodqfovzdKw,v:6W4u8sGEnGM,UCjZgFEowMBrsjodqfovzdKw,6W4u8sGEnGM,@franciscoflores3120,Inician los trabajos de recuperación del Puente Belice II.,Gobierno de la República de Guatemala,1,autor-video
a:UCheEJ5GZuIvV0fj-nXyVwXw,v:6W4u8sGEnGM,UCheEJ5GZuIvV0fj-nXyVwXw,6W4u8sGEnGM,@rosaoliva9389,Inician los trabajos de recuperación del Puente Belice II.,Gobierno de la República de Guatemala,1,autor-video
a:UCWvntqPQx99k_Z_skWKqNSA,v:6W4u8sGEnGM,UCWvntqPQx99k_Z_skWKqNSA,6W4u8sGEnGM,@AntonioChiyal-x5s,Inician los trabajos de recuperación del Puente Belice II.,Gobierno de la República de Guatemala,1,autor-video
a:UCiOZX__1gahg1ypIj0_XG_w,v:6W4u8sGEnGM,UCiOZX__1gahg1ypIj0_XG_w,6W4u8sGEnGM,@mariogonzalezorellana8956,Inician los trabajos de recuperación del Puente Belice II.,Gobierno de la República de Guatemala,1,autor-video
a:UCwxoKK59nGCeBqB2sXfDBIw,v:6W4u8sGEnGM,UCwxoKK59nGCeBqB2sXfDBIw,6W4u8sGEnGM,@vic-bonivideos,Inician los trabajos de recuperación del Puente Belice II.,Gobierno de la República de Guatemala,1,autor-video
a:UCFybmWapGvBKcQod7cPPH9w,v:6W4u8sGEnGM,UCFybmWapGvBKcQod7cPPH9w,6W4u8sGEnGM,@vitalianochavez8382,Inician los trabajos de recuperación del Puente Belice II.,Gobierno de la República de Guatemala,1,autor-video
a:UC5wuDq3U3vRAhOQI3D7gNdw,v:ndAZjHqzzT8,UC5wuDq3U3vRAhOQI3D7gNdw,ndAZjHqzzT8,@allanreneramirezgonzalez534,Internet: escoger el menos malo,Quorum,1,autor-video
a:UCjJf-AJKRFFWtiN-CSwkDmA,v:ndAZjHqzzT8,UCjJf-AJKRFFWtiN-CSwkDmA,ndAZjHqzzT8,@2jose82,Internet: escoger el menos malo,Quorum,1,autor-video
a:UCnU8wO1OurAmGstDw6VGjgQ,v:ndAZjHqzzT8,UCnU8wO1OurAmGstDw6VGjgQ,ndAZjHqzzT8,@cmorera21,Internet: escoger el menos malo,Quorum,1,autor-video
a:UCB5p8a5gklc80jJItP6xTHg,v:n8iP75gIpmw,UCB5p8a5gklc80jJItP6xTHg,n8iP75gIpmw,@ernestogamboa8737,Qué rico come tu diputado,Quorum,1,autor-video
a:UC_6KbBY1bsYXz9fwFS0eQRg,v:ndAZjHqzzT8,UC_6KbBY1bsYXz9fwFS0eQRg,ndAZjHqzzT8,@imrcp5694,Internet: escoger el menos malo,Quorum,1,autor-video
a:UCpsKOkt5iWTbenzeuq7dsmQ,v:ndAZjHqzzT8,UCpsKOkt5iWTbenzeuq7dsmQ,ndAZjHqzzT8,@inge_vergueta,Internet: escoger el menos malo,Quorum,1,autor-video
a:UCJp3OrVYcBorC94sKwdch_A,v:ndAZjHqzzT8,UCJp3OrVYcBorC94sKwdch_A,ndAZjHqzzT8,@ULJoshmg2011,Internet: escoger el menos malo,Quorum,1,autor-video
a:UCzZ6dDCEsLMXbc5pCFXIprw,v:6W4u8sGEnGM,UCzZ6dDCEsLMXbc5pCFXIprw,6W4u8sGEnGM,@josegil3813,Inician los trabajos de recuperación del Puente Belice II.,Gobierno de la República de Guatemala,1,autor-video
a:UCEHXl4VvvVpq-_4xC5tsbhg,v:6W4u8sGEnGM,UCEHXl4VvvVpq-_4xC5tsbhg,6W4u8sGEnGM,@anibalg47,Inician los trabajos de recuperación del Puente Belice II.,Gobierno de la República de Guatemala,1,autor-video
a:UCeQk-WfEA-cJRq4EKeE7TOw,v:6W4u8sGEnGM,UCeQk-WfEA-cJRq4EKeE7TOw,6W4u8sGEnGM,@franciscojuarez9223,Inician los trabajos de recuperación del Puente Belice II.,Gobierno de la República de Guatemala,1,autor-video
a:UChyps3dqY-VY1_wLeq-2lhw,v:6W4u8sGEnGM,UChyps3dqY-VY1_wLeq-2lhw,6W4u8sGEnGM,@maydamorales4395,Inician los trabajos de recuperación del Puente Belice II.,Gobierno de la República de Guatemala,1,autor-video
a:UCNiMNUJvaRJb0_QLClqwVnA,v:TT4qJ5FXHYE,UCNiMNUJvaRJb0_QLClqwVnA,TT4qJ5FXHYE,@Santiago.Nolasco,"I’x K’at: el primer equipo guatemalteco de pelota maya, conformado únicamente por mujeres.",Quorum,1,autor-video
a:UCtowGNY2lnlg6O2CkwDgkLg,v:TT4qJ5FXHYE,UCtowGNY2lnlg6O2CkwDgkLg,TT4qJ5FXHYE,@taniagabrielacelis8434,"I’x K’at: el primer equipo guatemalteco de pelota maya, conformado únicamente por mujeres.",Quorum,1,autor-video
a:UCld2stqxaVSk0QdGncM224A,v:TT4qJ5FXHYE,UCld2stqxaVSk0QdGncM224A,TT4qJ5FXHYE,@sarahernandez3873,"I’x K’at: el primer equipo guatemalteco de pelota maya, conformado únicamente por mujeres.",Quorum,1,autor-video
a:UCKVzDUqbtdSMBcexaEtMmzQ,v:TT4qJ5FXHYE,UCKVzDUqbtdSMBcexaEtMmzQ,TT4qJ5FXHYE,@rotorairgroup8409,"I’x K’at: el primer equipo guatemalteco de pelota maya, conformado únicamente por mujeres.",Quorum,1,autor-video
a:UCRfkkatKrNtAARnXMMYBGlA,v:6W4u8sGEnGM,UCRfkkatKrNtAARnXMMYBGlA,6W4u8sGEnGM,@BernerSoza-mg3vx,Inician los trabajos de recuperación del Puente Belice II.,Gobierno de la República de Guatemala,1,autor-video
a:UC-Iul5tDYH_oiAMXQH-KaaQ,v:6W4u8sGEnGM,UC-Iul5tDYH_oiAMXQH-KaaQ,6W4u8sGEnGM,@AlbertoMancilla-p9h,Inician los trabajos de recuperación del Puente Belice II.,Gobierno de la República de Guatemala,1,autor-video
a:UCgGqw4aqMdMVSGkKiMgrJRQ,v:6W4u8sGEnGM,UCgGqw4aqMdMVSGkKiMgrJRQ,6W4u8sGEnGM,@pattyfigueroa5609,Inician los trabajos de recuperación del Puente Belice II.,Gobierno de la República de Guatemala,1,autor-video
a:UC1NiEdJ7gk6FlDexIalWnGg,v:6W4u8sGEnGM,UC1NiEdJ7gk6FlDexIalWnGg,6W4u8sGEnGM,@BorisTebalán,Inician los trabajos de recuperación del Puente Belice II.,Gobierno de la República de Guatemala,1,autor-video
a:UCtsxPYw8VUsH_FfnKg-0lmw,v:6W4u8sGEnGM,UCtsxPYw8VUsH_FfnKg-0lmw,6W4u8sGEnGM,@AlejandroPérez-b6r,Inician los trabajos de recuperación del Puente Belice II.,Gobierno de la República de Guatemala,1,autor-video
a:UC3YpzAr7pcdKC7BVFEpYzog,v:6W4u8sGEnGM,UC3YpzAr7pcdKC7BVFEpYzog,6W4u8sGEnGM,@carmenfigueroa1232,Inician los trabajos de recuperación del Puente Belice II.,Gobierno de la República de Guatemala,1,autor-video
a:UCa36MjQLoPAmgJo-R3G8WQA,v:6W4u8sGEnGM,UCa36MjQLoPAmgJo-R3G8WQA,6W4u8sGEnGM,@elsasalguero6914,Inician los trabajos de recuperación del Puente Belice II.,Gobierno de la República de Guatemala,1,autor-video
a:UC14qlobYKqD-DO0j6b75lcA,v:6W4u8sGEnGM,UC14qlobYKqD-DO0j6b75lcA,6W4u8sGEnGM,@megavision4488,Inician los trabajos de recuperación del Puente Belice II.,Gobierno de la República de Guatemala,1,autor-video
a:UC0HvfEWozTHbwl_iEmJNvVA,v:6W4u8sGEnGM,UC0HvfEWozTHbwl_iEmJNvVA,6W4u8sGEnGM,@OttoPalencia-b7r,Inician los trabajos de recuperación del Puente Belice II.,Gobierno de la República de Guatemala,1,autor-video
a:UCvDwJBBY1mHK70aTEYl6rsA,v:6W4u8sGEnGM,UCvDwJBBY1mHK70aTEYl6rsA,6W4u8sGEnGM,@cristianescobedo8296,Inician los trabajos de recuperación del Puente Belice II.,Gobierno de la República de Guatemala,1,autor-video
a:UC-HeUTT6_g-VoiWds2a4H-w,v:6W4u8sGEnGM,UC-HeUTT6_g-VoiWds2a4H-w,6W4u8sGEnGM,@JorgeMunoz-gd9et,Inician los trabajos de recuperación del Puente Belice II.,Gobierno de la República de Guatemala,1,autor-video
a:UCfo_yUPzy1f1POwwZxhZ06Q,v:6W4u8sGEnGM,UCfo_yUPzy1f1POwwZxhZ06Q,6W4u8sGEnGM,@lara11roberto,Inician los trabajos de recuperación del Puente Belice II.,Gobierno de la República de Guatemala,1,autor-video
a:UCpsKOkt5iWTbenzeuq7dsmQ,v:n8iP75gIpmw,UCpsKOkt5iWTbenzeuq7dsmQ,n8iP75gIpmw,@inge_vergueta,Qué rico come tu diputado,Quorum,1,autor-video
a:UCOh6DaZC_x9HASnlRylEMfw,v:n8iP75gIpmw,UCOh6DaZC_x9HASnlRylEMfw,n8iP75gIpmw,@AndresMedina-v1s,Qué rico come tu diputado,Quorum,1,autor-video
a:UC3E9mAgP7VoAE5mZoAexl5g,v:n8iP75gIpmw,UC3E9mAgP7VoAE5mZoAexl5g,n8iP75gIpmw,@EnnioAroche,Qué rico come tu diputado,Quorum,1,autor-video
a:UC_3xuTXvMIWU5MYP9HkJ3vQ,v:06mFNPU0aB8,UC_3xuTXvMIWU5MYP9HkJ3vQ,06mFNPU0aB8,@Historia-wm4os,Capturan a presuntos delincuentes disfrazados de mujer señalados de cometer asalto,Noti7,1,autor-video
a:UCjZgFEowMBrsjodqfovzdKw,v:06mFNPU0aB8,UCjZgFEowMBrsjodqfovzdKw,06mFNPU0aB8,@franciscoflores3120,Capturan a presuntos delincuentes disfrazados de mujer señalados de cometer asalto,Noti7,1,autor-video
a:UCq3mDTTRZnUybct5M9OSXbg,v:06mFNPU0aB8,UCq3mDTTRZnUybct5M9OSXbg,06mFNPU0aB8,@MacoMorales-i2i2d,Capturan a presuntos delincuentes disfrazados de mujer señalados de cometer asalto,Noti7,1,autor-video
a:UCfXykdbSU97rj987LDUGfvg,v:06mFNPU0aB8,UCfXykdbSU97rj987LDUGfvg,06mFNPU0aB8,@MariaSantos-c8y3h,Capturan a presuntos delincuentes disfrazados de mujer señalados de cometer asalto,Noti7,1,autor-video
a:UCfjhejO7LZy4doXURa7LZCQ,v:06mFNPU0aB8,UCfjhejO7LZy4doXURa7LZCQ,06mFNPU0aB8,@HonwayLee-z5g,Capturan a presuntos delincuentes disfrazados de mujer señalados de cometer asalto,Noti7,1,autor-video
a:UCLXYp1Cvc5DLtq5UQL5D9vw,v:06mFNPU0aB8,UCLXYp1Cvc5DLtq5UQL5D9vw,06mFNPU0aB8,@jorgecifuentes-m5g,Capturan a presuntos delincuentes disfrazados de mujer señalados de cometer asalto,Noti7,1,autor-video
a:UCO0zwwLWGyDgQmWPJ5Qrr1w,v:06mFNPU0aB8,UCO0zwwLWGyDgQmWPJ5Qrr1w,06mFNPU0aB8,@elsalvador3605,Capturan a presuntos delincuentes disfrazados de mujer señalados de cometer asalto,Noti7,1,autor-video
a:UC2ngpd8UBQu4gcUYy0goAtg,v:06mFNPU0aB8,UC2ngpd8UBQu4gcUYy0goAtg,06mFNPU0aB8,@juliohernandez7438,Capturan a presuntos delincuentes disfrazados de mujer señalados de cometer asalto,Noti7,1,autor-video
a:UCvl1tzQeBeGy6efPTRJXSCw,v:06mFNPU0aB8,UCvl1tzQeBeGy6efPTRJXSCw,06mFNPU0aB8,@RaulPerez-cw2vi,Capturan a presuntos delincuentes disfrazados de mujer señalados de cometer asalto,Noti7,1,autor-video
a:UCIXLDYqR_syskKRJy_x9W9Q,v:06mFNPU0aB8,UCIXLDYqR_syskKRJy_x9W9Q,06mFNPU0aB8,@carlitosramirez4739,Capturan a presuntos delincuentes disfrazados de mujer señalados de cometer asalto,Noti7,1,autor-video
a:UC_LYoGs5C3mbZKZuKuqYCvw,v:j43HgwYFKfk,UC_LYoGs5C3mbZKZuKuqYCvw,j43HgwYFKfk,@javiercifuentesarchila6041,La cooptación de Walter Mazariegos en la USAC,Quorum,1,autor-video
a:UC-fiZBS5Gp1eCJd9ucgWnCg,v:j43HgwYFKfk,UC-fiZBS5Gp1eCJd9ucgWnCg,j43HgwYFKfk,@Tommii.10,La cooptación de Walter Mazariegos en la USAC,Quorum,1,autor-video
a:UC32oozucwCF3q8d4m8fyOUg,v:j43HgwYFKfk,UC32oozucwCF3q8d4m8fyOUg,j43HgwYFKfk,@RauldejesusOlivagonzalez,La cooptación de Walter Mazariegos en la USAC,Quorum,1,autor-video
a:UClhMWQ7XKWywYvbRnuf8QsA,v:j43HgwYFKfk,UClhMWQ7XKWywYvbRnuf8QsA,j43HgwYFKfk,@EcPerez-zz9oh,La cooptación de Walter Mazariegos en la USAC,Quorum,1,autor-video
a:UCUoYsrx1oZnCZ0usbBJn4fA,v:j43HgwYFKfk,UCUoYsrx1oZnCZ0usbBJn4fA,j43HgwYFKfk,@AnaDiaz-re9sq,La cooptación de Walter Mazariegos en la USAC,Quorum,1,autor-video
a:UCAKuKvcbfnBD3kF5njNu-IA,v:j43HgwYFKfk,UCAKuKvcbfnBD3kF5njNu-IA,j43HgwYFKfk,@melvinlopez7096,La cooptación de Walter Mazariegos en la USAC,Quorum,1,autor-video
a:UCu8_3-Wg-YzNyvHYQDEscfw,v:j43HgwYFKfk,UCu8_3-Wg-YzNyvHYQDEscfw,j43HgwYFKfk,@RolandoCastroPérez-d7y,La cooptación de Walter Mazariegos en la USAC,Quorum,1,autor-video
a:UCXN2s7DwTJm33xO-pNkAdaA,v:06mFNPU0aB8,UCXN2s7DwTJm33xO-pNkAdaA,06mFNPU0aB8,@edithsan7688,Capturan a presuntos delincuentes disfrazados de mujer señalados de cometer asalto,Noti7,1,autor-video
a:UCwCfs-2zbD5k0lG-UVg_JBw,v:06mFNPU0aB8,UCwCfs-2zbD5k0lG-UVg_JBw,06mFNPU0aB8,@JessicaHuaz-96,Capturan a presuntos delincuentes disfrazados de mujer señalados de cometer asalto,Noti7,1,autor-video
a:UCsGoJEvb-cFPZ2rWoJcXzEQ,v:j43HgwYFKfk,UCsGoJEvb-cFPZ2rWoJcXzEQ,j43HgwYFKfk,@sergiohinestroza9709,La cooptación de Walter Mazariegos en la USAC,Quorum,1,autor-video
a:UCp_dAUfv8i3LW3zWc24dLaQ,v:OkXlHx0hx-8,UCp_dAUfv8i3LW3zWc24dLaQ,OkXlHx0hx-8,@MarioCortez-o6v,EE.UU. envía a mexicanos deportados a Guatemala antes de su regreso a México | Noticias Telemundo,Noticias Telemundo,1,autor-video
a:UCvcu1kR8xMYy_I1Ty-2mV2Q,v:yLZS3JiEBg8,UCvcu1kR8xMYy_I1Ty-2mV2Q,yLZS3JiEBg8,@hashojea7348,Arroz con pollo a la MONOPOLIO,Quorum,1,autor-video
a:UCXl30Y_upRqbti52fmjK4YA,v:yLZS3JiEBg8,UCXl30Y_upRqbti52fmjK4YA,yLZS3JiEBg8,@capitanfrans,Arroz con pollo a la MONOPOLIO,Quorum,1,autor-video
a:UCZjm6U576nX8WOiLhmMR3bw,v:OkXlHx0hx-8,UCZjm6U576nX8WOiLhmMR3bw,OkXlHx0hx-8,@MariaNavarroYT,EE.UU. envía a mexicanos deportados a Guatemala antes de su regreso a México | Noticias Telemundo,Noticias Telemundo,1,autor-video
a:UCGZMgmM92E3njyXNe9-kjAQ,v:OkXlHx0hx-8,UCGZMgmM92E3njyXNe9-kjAQ,OkXlHx0hx-8,@pasionpornada,EE.UU. envía a mexicanos deportados a Guatemala antes de su regreso a México | Noticias Telemundo,Noticias Telemundo,1,autor-video
a:UCrqXyRsg-_hTosURZ-uvoKg,v:OkXlHx0hx-8,UCrqXyRsg-_hTosURZ-uvoKg,OkXlHx0hx-8,@flornolberto2425,EE.UU. envía a mexicanos deportados a Guatemala antes de su regreso a México | Noticias Telemundo,Noticias Telemundo,1,autor-video
a:UCbNanjFI51cwGqMAb2rOrBw,v:OkXlHx0hx-8,UCbNanjFI51cwGqMAb2rOrBw,OkXlHx0hx-8,@RosaMontesdeOca777,EE.UU. envía a mexicanos deportados a Guatemala antes de su regreso a México | Noticias Telemundo,Noticias Telemundo,1,autor-video
a:UCIgoiXdIKJyUGmUoH2Lxdzg,v:OkXlHx0hx-8,UCIgoiXdIKJyUGmUoH2Lxdzg,OkXlHx0hx-8,@susievidal4134,EE.UU. envía a mexicanos deportados a Guatemala antes de su regreso a México | Noticias Telemundo,Noticias Telemundo,1,autor-video
a:UCPNXmbOBVeC4HS-xemvcPtQ,v:OkXlHx0hx-8,UCPNXmbOBVeC4HS-xemvcPtQ,OkXlHx0hx-8,@BelkisRodriguezRamirez,EE.UU. envía a mexicanos deportados a Guatemala antes de su regreso a México | Noticias Telemundo,Noticias Telemundo,1,autor-video
a:UCOLHH4ZpMxPYF-Q6e6wvn5A,v:OkXlHx0hx-8,UCOLHH4ZpMxPYF-Q6e6wvn5A,OkXlHx0hx-8,@luisroldan7374,EE.UU. envía a mexicanos deportados a Guatemala antes de su regreso a México | Noticias Telemundo,Noticias Telemundo,1,autor-video
a:UCQMMuADgqWUOcJpLwHOzC-g,v:OkXlHx0hx-8,UCQMMuADgqWUOcJpLwHOzC-g,OkXlHx0hx-8,@Ripped-Yoda,EE.UU. envía a mexicanos deportados a Guatemala antes de su regreso a México | Noticias Telemundo,Noticias Telemundo,1,autor-video
a:UCozFYHN0e_-vlQbX3wQGOug,v:OkXlHx0hx-8,UCozFYHN0e_-vlQbX3wQGOug,OkXlHx0hx-8,@jesusguzman2321,EE.UU. envía a mexicanos deportados a Guatemala antes de su regreso a México | Noticias Telemundo,Noticias Telemundo,1,autor-video
a:UCVdjCrh4tQoX3haNAZv-n5A,v:OkXlHx0hx-8,UCVdjCrh4tQoX3haNAZv-n5A,OkXlHx0hx-8,@aurahernandez5646,EE.UU. envía a mexicanos deportados a Guatemala antes de su regreso a México | Noticias Telemundo,Noticias Telemundo,1,autor-video
a:UCat2qkYvqmtDNEmo2PVuhXw,v:OkXlHx0hx-8,UCat2qkYvqmtDNEmo2PVuhXw,OkXlHx0hx-8,@DoraSalas-j5o,EE.UU. envía a mexicanos deportados a Guatemala antes de su regreso a México | Noticias Telemundo,Noticias Telemundo,1,autor-video
a:UC1WlJfQmaIskYhP4gmWoamw,v:OkXlHx0hx-8,UC1WlJfQmaIskYhP4gmWoamw,OkXlHx0hx-8,@marthareiss5434,EE.UU. envía a mexicanos deportados a Guatemala antes de su regreso a México | Noticias Telemundo,Noticias Telemundo,1,autor-video
a:UCtiHFjFu7d5v2XxHnKFUYig,v:OkXlHx0hx-8,UCtiHFjFu7d5v2XxHnKFUYig,OkXlHx0hx-8,@Paul-gf7ec,EE.UU. envía a mexicanos deportados a Guatemala antes de su regreso a México | Noticias Telemundo,Noticias Telemundo,1,autor-video
a:UCxhtlxPV8AYWaNNyU6S9H8Q,v:OkXlHx0hx-8,UCxhtlxPV8AYWaNNyU6S9H8Q,OkXlHx0hx-8,@WilR-s8r,EE.UU. envía a mexicanos deportados a Guatemala antes de su regreso a México | Noticias Telemundo,Noticias Telemundo,1,autor-video
a:UCHbwIx9pmQuf7i-4_xO2EpA,v:j43HgwYFKfk,UCHbwIx9pmQuf7i-4_xO2EpA,j43HgwYFKfk,@caminoseternos752,La cooptación de Walter Mazariegos en la USAC,Quorum,1,autor-video
a:UCWoAVGVqCn4xtINCMOTM4jg,v:j43HgwYFKfk,UCWoAVGVqCn4xtINCMOTM4jg,j43HgwYFKfk,@OmarMartinez-vv8re,La cooptación de Walter Mazariegos en la USAC,Quorum,1,autor-video
a:UC8r11yOugM2NuRfitQOxLLg,v:n8iP75gIpmw,UC8r11yOugM2NuRfitQOxLLg,n8iP75gIpmw,@cesaraugustomoralesmonroy6907,Qué rico come tu diputado,Quorum,1,autor-video
a:UCeDNEtI8_a42bZ47wJiJMwQ,v:j43HgwYFKfk,UCeDNEtI8_a42bZ47wJiJMwQ,j43HgwYFKfk,@EdgarcalderonCalderong,La cooptación de Walter Mazariegos en la USAC,Quorum,1,autor-video
a:UColMq7LmaoY3MT6aIDGrGvA,v:j43HgwYFKfk,UColMq7LmaoY3MT6aIDGrGvA,j43HgwYFKfk,@quijotachapina1,La cooptación de Walter Mazariegos en la USAC,Quorum,1,autor-video
a:UC816IGbFCZinfYS1LRDaaHg,v:j43HgwYFKfk,UC816IGbFCZinfYS1LRDaaHg,j43HgwYFKfk,@ingenieroar,La cooptación de Walter Mazariegos en la USAC,Quorum,1,autor-video
a:UCwjUvRseNtJoItylIyIez7Q,v:j43HgwYFKfk,UCwjUvRseNtJoItylIyIez7Q,j43HgwYFKfk,@Silviazea,La cooptación de Walter Mazariegos en la USAC,Quorum,1,autor-video
a:UCgQw_Sbq3ugruDUKsq1e0-A,v:j43HgwYFKfk,UCgQw_Sbq3ugruDUKsq1e0-A,j43HgwYFKfk,@marlenareano-h4t,La cooptación de Walter Mazariegos en la USAC,Quorum,1,autor-video
a:UCOcUI5XkTYNMSFhZNMIPpGg,v:j43HgwYFKfk,UCOcUI5XkTYNMSFhZNMIPpGg,j43HgwYFKfk,@hendersonlopez3864,La cooptación de Walter Mazariegos en la USAC,Quorum,1,autor-video
a:UCiC-Jn7wdgyQV4_Urk0DkWQ,v:j43HgwYFKfk,UCiC-Jn7wdgyQV4_Urk0DkWQ,j43HgwYFKfk,@pedroros6358,La cooptación de Walter Mazariegos en la USAC,Quorum,1,autor-video
a:UCqCrvuoJpC-aVb0f4logQRQ,v:j43HgwYFKfk,UCqCrvuoJpC-aVb0f4logQRQ,j43HgwYFKfk,@Lyrics_GT,La cooptación de Walter Mazariegos en la USAC,Quorum,1,autor-video
a:UC95PSMouTx2N5CbSq0hIyrQ,v:j43HgwYFKfk,UC95PSMouTx2N5CbSq0hIyrQ,j43HgwYFKfk,@lisss1908,La cooptación de Walter Mazariegos en la USAC,Quorum,1,autor-video
a:UC6Uj1FT5JjDSF8vudvDxPAA,v:j43HgwYFKfk,UC6Uj1FT5JjDSF8vudvDxPAA,j43HgwYFKfk,@alfredoortega9264,La cooptación de Walter Mazariegos en la USAC,Quorum,1,autor-video
a:UCkVtmkK07b2zaVVNssX4lOg,v:j43HgwYFKfk,UCkVtmkK07b2zaVVNssX4lOg,j43HgwYFKfk,@HectorElias-u2l,La cooptación de Walter Mazariegos en la USAC,Quorum,1,autor-video
a:UCwgCc9Jd_gG-uLE_SY-FfPg,v:j43HgwYFKfk,UCwgCc9Jd_gG-uLE_SY-FfPg,j43HgwYFKfk,@armindapenados2841,La cooptación de Walter Mazariegos en la USAC,Quorum,1,autor-video
a:UCaKAjTW9MVub_clgr4DRYjQ,v:j43HgwYFKfk,UCaKAjTW9MVub_clgr4DRYjQ,j43HgwYFKfk,@josecastillo4390,La cooptación de Walter Mazariegos en la USAC,Quorum,1,autor-video
a:UCQyOePccUP-fIJYzchAgZYw,v:j43HgwYFKfk,UCQyOePccUP-fIJYzchAgZYw,j43HgwYFKfk,@aguilar4254,La cooptación de Walter Mazariegos en la USAC,Quorum,1,autor-video
a:UCNpt5CQlTzNjlAKY6CJtClQ,v:j43HgwYFKfk,UCNpt5CQlTzNjlAKY6CJtClQ,j43HgwYFKfk,@eustaquiogomez9975,La cooptación de Walter Mazariegos en la USAC,Quorum,1,autor-video
a:UCkbsS_3D-pvg1iHOld9uvIg,v:j43HgwYFKfk,UCkbsS_3D-pvg1iHOld9uvIg,j43HgwYFKfk,@gonzalo6075,La cooptación de Walter Mazariegos en la USAC,Quorum,1,autor-video
a:UCRAquv8el-tQ30bN7MlmySQ,v:j43HgwYFKfk,UCRAquv8el-tQ30bN7MlmySQ,j43HgwYFKfk,@iamjimalesssa,La cooptación de Walter Mazariegos en la USAC,Quorum,1,autor-video
a:UCV0lM03g5fg5pbPj97-sAtA,v:j43HgwYFKfk,UCV0lM03g5fg5pbPj97-sAtA,j43HgwYFKfk,@genarodelgado3929,La cooptación de Walter Mazariegos en la USAC,Quorum,1,autor-video
a:UC1DpqK6vaPEkBOMNvypsKYg,v:j43HgwYFKfk,UC1DpqK6vaPEkBOMNvypsKYg,j43HgwYFKfk,@HectorCarranza-u4j4o,La cooptación de Walter Mazariegos en la USAC,Quorum,1,autor-video
a:UCDrmf9y9nLgFY5wnA2hTuGA,v:j43HgwYFKfk,UCDrmf9y9nLgFY5wnA2hTuGA,j43HgwYFKfk,@laboratorio5528,La cooptación de Walter Mazariegos en la USAC,Quorum,1,autor-video
a:UCQqlPPUGqAfWjd-FSh_qn7Q,v:j43HgwYFKfk,UCQqlPPUGqAfWjd-FSh_qn7Q,j43HgwYFKfk,@estuardoargueta137,La cooptación de Walter Mazariegos en la USAC,Quorum,1,autor-video
a:UCW80DaMjQlEUibC98Cot-Dg,v:j43HgwYFKfk,UCW80DaMjQlEUibC98Cot-Dg,j43HgwYFKfk,@rogeraldana4289,La cooptación de Walter Mazariegos en la USAC,Quorum,1,autor-video
a:UCe8JZoYkX5oKUZyivHYdXhw,v:j43HgwYFKfk,UCe8JZoYkX5oKUZyivHYdXhw,j43HgwYFKfk,@FernandoGarcia-jg1fj,La cooptación de Walter Mazariegos en la USAC,Quorum,1,autor-video
a:UCgJNFj5dnxXpcMvmuhZDPxA,v:j43HgwYFKfk,UCgJNFj5dnxXpcMvmuhZDPxA,j43HgwYFKfk,@NataliaRodriguez-rx5mr,La cooptación de Walter Mazariegos en la USAC,Quorum,1,autor-video
a:UCW-JC6lebVmf2P1dmY_L94g,v:j43HgwYFKfk,UCW-JC6lebVmf2P1dmY_L94g,j43HgwYFKfk,@dinoraoroxon5771,La cooptación de Walter Mazariegos en la USAC,Quorum,1,autor-video
a:UCCBYcToQ2dwkd6TJh0FSyDg,v:j43HgwYFKfk,UCCBYcToQ2dwkd6TJh0FSyDg,j43HgwYFKfk,@lidiarodriguez3493,La cooptación de Walter Mazariegos en la USAC,Quorum,1,autor-video
a:UC7dadZG7kkGYnsNu6td0FbA,v:j43HgwYFKfk,UC7dadZG7kkGYnsNu6td0FbA,j43HgwYFKfk,@lesolorzano,La cooptación de Walter Mazariegos en la USAC,Quorum,1,autor-video
a:UCRvPToDkkumha7WJAfCDk1A,v:j43HgwYFKfk,UCRvPToDkkumha7WJAfCDk1A,j43HgwYFKfk,@ligiaguerra3057,La cooptación de Walter Mazariegos en la USAC,Quorum,1,autor-video
a:UC3UVO7pTbeYvZ3ILEyRDskQ,v:j43HgwYFKfk,UC3UVO7pTbeYvZ3ILEyRDskQ,j43HgwYFKfk,@rosaelenaargueta79,La cooptación de Walter Mazariegos en la USAC,Quorum,1,autor-video
a:UCGGHbtfbbe0o68etrOf0qxw,v:j43HgwYFKfk,UCGGHbtfbbe0o68etrOf0qxw,j43HgwYFKfk,@karensussetteleonvargas9794,La cooptación de Walter Mazariegos en la USAC,Quorum,1,autor-video
a:UClqA491Xa5fQcXcJJa-vTWw,v:j43HgwYFKfk,UClqA491Xa5fQcXcJJa-vTWw,j43HgwYFKfk,@AndresLemus-k2d,La cooptación de Walter Mazariegos en la USAC,Quorum,1,autor-video
a:UCuXmOjxC-htcprLgeVXz6Tg,v:j43HgwYFKfk,UCuXmOjxC-htcprLgeVXz6Tg,j43HgwYFKfk,@jorgeaguilar-bq3uj,La cooptación de Walter Mazariegos en la USAC,Quorum,1,autor-video
a:UCpe5jW3MIqkgTJ-PgkzvM6Q,v:j43HgwYFKfk,UCpe5jW3MIqkgTJ-PgkzvM6Q,j43HgwYFKfk,@carloslam5333,La cooptación de Walter Mazariegos en la USAC,Quorum,1,autor-video
a:UCpsKOkt5iWTbenzeuq7dsmQ,v:j43HgwYFKfk,UCpsKOkt5iWTbenzeuq7dsmQ,j43HgwYFKfk,@inge_vergueta,La cooptación de Walter Mazariegos en la USAC,Quorum,1,autor-video
a:UC5hvEnRUzI4Kfvwnyi4QxqQ,v:j43HgwYFKfk,UC5hvEnRUzI4Kfvwnyi4QxqQ,j43HgwYFKfk,@leonelsantizo5281,La cooptación de Walter Mazariegos en la USAC,Quorum,1,autor-video
a:UC4Avya4kmR4Q0FrfFdBozSQ,v:j43HgwYFKfk,UC4Avya4kmR4Q0FrfFdBozSQ,j43HgwYFKfk,@davidlima1348,La cooptación de Walter Mazariegos en la USAC,Quorum,1,autor-video
a:UCZeIIQrGAedW8tCbKWmGY-A,v:j43HgwYFKfk,UCZeIIQrGAedW8tCbKWmGY-A,j43HgwYFKfk,@mariocordon8873,La cooptación de Walter Mazariegos en la USAC,Quorum,1,autor-video
a:UCkxdJ_yGN2gghOMo2ybQtXQ,v:yLZS3JiEBg8,UCkxdJ_yGN2gghOMo2ybQtXQ,yLZS3JiEBg8,@11223344An,Arroz con pollo a la MONOPOLIO,Quorum,1,autor-video
a:UCXVLc8CmAO813ubM-fLvCDw,v:yLZS3JiEBg8,UCXVLc8CmAO813ubM-fLvCDw,yLZS3JiEBg8,@herminiasaquimux7565,Arroz con pollo a la MONOPOLIO,Quorum,1,autor-video
a:UCc_F88PzGWtA1OPNUEASulA,v:yLZS3JiEBg8,UCc_F88PzGWtA1OPNUEASulA,yLZS3JiEBg8,@rockyscarlet,Arroz con pollo a la MONOPOLIO,Quorum,1,autor-video
a:UCj-LL25XJnjxepPKCc3NGog,v:n8iP75gIpmw,UCj-LL25XJnjxepPKCc3NGog,n8iP75gIpmw,@anaaguirre8985,Qué rico come tu diputado,Quorum,1,autor-video
a:UChep9kVb5gQmpodEEl10Xlg,v:n8iP75gIpmw,UChep9kVb5gQmpodEEl10Xlg,n8iP75gIpmw,@carlosaguilar-kz7ml,Qué rico come tu diputado,Quorum,1,autor-video
a:UCFUuDARXdmmIrLppEqf-rFg,v:n8iP75gIpmw,UCFUuDARXdmmIrLppEqf-rFg,n8iP75gIpmw,@allanmunoz7410,Qué rico come tu diputado,Quorum,1,autor-video
a:UCljDbleJul41G1TzOjOZAVA,v:n8iP75gIpmw,UCljDbleJul41G1TzOjOZAVA,n8iP75gIpmw,@hectorcarranza3777,Qué rico come tu diputado,Quorum,1,autor-video
a:UCDQaQv0hr2SS_PO-CMEwVHg,v:n8iP75gIpmw,UCDQaQv0hr2SS_PO-CMEwVHg,n8iP75gIpmw,@federicosaquimux1933,Qué rico come tu diputado,Quorum,1,autor-video
a:UCUIIIPTVDVHAXqhC_5V6lPA,v:n8iP75gIpmw,UCUIIIPTVDVHAXqhC_5V6lPA,n8iP75gIpmw,@gorrarota,Qué rico come tu diputado,Quorum,1,autor-video
a:UCYwpX26TrCxq8TvbKGRYLXA,v:n8iP75gIpmw,UCYwpX26TrCxq8TvbKGRYLXA,n8iP75gIpmw,@beneficioelcaminovillacana8540,Qué rico come tu diputado,Quorum,1,autor-video
a:UCDftMWXQoJ6nONfY7GVOVjg,v:n8iP75gIpmw,UCDftMWXQoJ6nONfY7GVOVjg,n8iP75gIpmw,@luisgpacheco5858,Qué rico come tu diputado,Quorum,1,autor-video
a:UCcfdg8crmMJwEuLUsAhV7yg,v:n8iP75gIpmw,UCcfdg8crmMJwEuLUsAhV7yg,n8iP75gIpmw,@RolandoRaguay,Qué rico come tu diputado,Quorum,1,autor-video
a:UCTylKrsqkrBKIqubMu_5N0Q,v:n8iP75gIpmw,UCTylKrsqkrBKIqubMu_5N0Q,n8iP75gIpmw,@edwingeovanymarroquinmarro6684,Qué rico come tu diputado,Quorum,1,autor-video
a:UCplrIQtaPj6au60_f2-mOYw,v:n8iP75gIpmw,UCplrIQtaPj6au60_f2-mOYw,n8iP75gIpmw,@romeolopezherrarte799,Qué rico come tu diputado,Quorum,1,autor-video
a:UCErZPJpHmLCsXs8ZWkAUupQ,v:n8iP75gIpmw,UCErZPJpHmLCsXs8ZWkAUupQ,n8iP75gIpmw,@dorisl.garciaroche7763,Qué rico come tu diputado,Quorum,1,autor-video
a:UC3qn1yJA5PeW9rkGPatQxiw,v:n8iP75gIpmw,UC3qn1yJA5PeW9rkGPatQxiw,n8iP75gIpmw,@VICTOREST19,Qué rico come tu diputado,Quorum,1,autor-video
a:UCwO2SXr0ggzwg6QWWrr01nQ,v:n8iP75gIpmw,UCwO2SXr0ggzwg6QWWrr01nQ,n8iP75gIpmw,@ricardofigueroa5720,Qué rico come tu diputado,Quorum,1,autor-video
a:UCTwSut16JyAg3mX6LVUNGqA,v:n8iP75gIpmw,UCTwSut16JyAg3mX6LVUNGqA,n8iP75gIpmw,@SuperVictor2005,Qué rico come tu diputado,Quorum,1,autor-video
a:UC6YSZqL0vEcI-niPKIMUGfw,v:n8iP75gIpmw,UC6YSZqL0vEcI-niPKIMUGfw,n8iP75gIpmw,@maxwellsales885,Qué rico come tu diputado,Quorum,1,autor-video
a:UCThW2XNsAaBKme5PUt7n-Zg,v:n8iP75gIpmw,UCThW2XNsAaBKme5PUt7n-Zg,n8iP75gIpmw,@thelmamoran8565,Qué rico come tu diputado,Quorum,1,autor-video
a:UCRlCV9zSn7avAWh-9_XFWqQ,v:n8iP75gIpmw,UCRlCV9zSn7avAWh-9_XFWqQ,n8iP75gIpmw,@ronyarana8849,Qué rico come tu diputado,Quorum,1,autor-video
a:UC1vr9aaMI2crB0NvwFHUeoQ,v:n8iP75gIpmw,UC1vr9aaMI2crB0NvwFHUeoQ,n8iP75gIpmw,@JoseSimilox-p6e,Qué rico come tu diputado,Quorum,1,autor-video
a:UCcFIBN-rtC3d3hXeuN5TfWw,v:yLZS3JiEBg8,UCcFIBN-rtC3d3hXeuN5TfWw,yLZS3JiEBg8,@DenisRMC,Arroz con pollo a la MONOPOLIO,Quorum,1,autor-video
a:UCFhxtoeARHPnXXPcDrOU3Xg,v:n8iP75gIpmw,UCFhxtoeARHPnXXPcDrOU3Xg,n8iP75gIpmw,@diegoalejandrolopezmendez205,Qué rico come tu diputado,Quorum,1,autor-video
a:UCiGRBf2RNF0WRKhRVT7zFoA,v:n8iP75gIpmw,UCiGRBf2RNF0WRKhRVT7zFoA,n8iP75gIpmw,@edwinavila4876,Qué rico come tu diputado,Quorum,1,autor-video
a:UCGzXwyCzMzGmjmCbH3Hg01Q,v:n8iP75gIpmw,UCGzXwyCzMzGmjmCbH3Hg01Q,n8iP75gIpmw,@FidelZacarias-ph7dy,Qué rico come tu diputado,Quorum,1,autor-video
a:UCsUCN0Yq_UyTvKjOJLmNrnQ,v:n8iP75gIpmw,UCsUCN0Yq_UyTvKjOJLmNrnQ,n8iP75gIpmw,@moisesvaldez4043,Qué rico come tu diputado,Quorum,1,autor-video
a:UCTP3O0rMnc8z8v8jaDQwL0w,v:n8iP75gIpmw,UCTP3O0rMnc8z8v8jaDQwL0w,n8iP75gIpmw,@RobertoZelaya-x1v,Qué rico come tu diputado,Quorum,1,autor-video
a:UCipetjeiWj4CZB6EbyYziZg,v:n8iP75gIpmw,UCipetjeiWj4CZB6EbyYziZg,n8iP75gIpmw,@OseasSamayoa-ol5rz,Qué rico come tu diputado,Quorum,1,autor-video
a:UCjmPuazZJzscrwvk0QR9RVw,v:n8iP75gIpmw,UCjmPuazZJzscrwvk0QR9RVw,n8iP75gIpmw,@mynorrodas8591,Qué rico come tu diputado,Quorum,1,autor-video
a:UCAlzM_N6xBlMYmM8EBzX86Q,v:n8iP75gIpmw,UCAlzM_N6xBlMYmM8EBzX86Q,n8iP75gIpmw,@carlossoto3252,Qué rico come tu diputado,Quorum,1,autor-video
a:UC7VUuJr9cGh845CmTvf7TlQ,v:n8iP75gIpmw,UC7VUuJr9cGh845CmTvf7TlQ,n8iP75gIpmw,@LuisCastillo-oz4df,Qué rico come tu diputado,Quorum,1,autor-video
a:UCEgEQmRbtL5fwr9_DqAC--g,v:n8iP75gIpmw,UCEgEQmRbtL5fwr9_DqAC--g,n8iP75gIpmw,@ArielRodas-g5y,Qué rico come tu diputado,Quorum,1,autor-video
a:UC8G5cJONY8L9voMyBW8Eoug,v:n8iP75gIpmw,UC8G5cJONY8L9voMyBW8Eoug,n8iP75gIpmw,@luisparedes-pw6qt,Qué rico come tu diputado,Quorum,1,autor-video
a:UCL1MT278vSaQ83ZDkVWn1gw,v:n8iP75gIpmw,UCL1MT278vSaQ83ZDkVWn1gw,n8iP75gIpmw,@elmorodriguez6978,Qué rico come tu diputado,Quorum,1,autor-video
a:UCdFlugHJJa4l3YqWuNRmvXw,v:is3Mk5oC19g,UCdFlugHJJa4l3YqWuNRmvXw,is3Mk5oC19g,@MarcosCarillo-b1r,Capturan a ladrón que había quedado grabado mientras robaba en una parroquia de Retalhuleu,TN23 Guatemala,1,autor-video
a:UCtUR3_CAiE7fCoZHM6cMfyQ,v:n8iP75gIpmw,UCtUR3_CAiE7fCoZHM6cMfyQ,n8iP75gIpmw,@mdelcid01,Qué rico come tu diputado,Quorum,1,autor-video
a:UCySYJU5kUh7X8gVt9la2ISA,v:n8iP75gIpmw,UCySYJU5kUh7X8gVt9la2ISA,n8iP75gIpmw,@dantesarti4351,Qué rico come tu diputado,Quorum,1,autor-video
a:UCDlr1VadSucIZgZ171pRBjQ,v:n8iP75gIpmw,UCDlr1VadSucIZgZ171pRBjQ,n8iP75gIpmw,@cuabatzjj5924,Qué rico come tu diputado,Quorum,1,autor-video
a:UC2Y_EHWQKevubk4vOEBBFxw,v:n8iP75gIpmw,UC2Y_EHWQKevubk4vOEBBFxw,n8iP75gIpmw,@alfonsomorales2653,Qué rico come tu diputado,Quorum,1,autor-video
a:UCNkcuy42zEwddwEcOd_HpnA,v:n8iP75gIpmw,UCNkcuy42zEwddwEcOd_HpnA,n8iP75gIpmw,@vanigomez492,Qué rico come tu diputado,Quorum,1,autor-video
a:UCzSfZlOVxBSs5ObD25ywxDQ,v:n8iP75gIpmw,UCzSfZlOVxBSs5ObD25ywxDQ,n8iP75gIpmw,@GilmarMaldonado-q9m,Qué rico come tu diputado,Quorum,1,autor-video
a:UCQtSFINs1h6GHkpg9o5kMvg,v:n8iP75gIpmw,UCQtSFINs1h6GHkpg9o5kMvg,n8iP75gIpmw,@MacarioMartinezruiz,Qué rico come tu diputado,Quorum,1,autor-video
a:UCXO1BBohNWXkK9SBDAG2ySg,v:yLZS3JiEBg8,UCXO1BBohNWXkK9SBDAG2ySg,yLZS3JiEBg8,@JBFlute92,Arroz con pollo a la MONOPOLIO,Quorum,1,autor-video
a:UCxff05WuyvwELNITi7bj7UA,v:n8iP75gIpmw,UCxff05WuyvwELNITi7bj7UA,n8iP75gIpmw,@markoherrera,Qué rico come tu diputado,Quorum,1,autor-video
a:UCZ51R_9Q9C0c8I3pAWhtmjQ,v:n8iP75gIpmw,UCZ51R_9Q9C0c8I3pAWhtmjQ,n8iP75gIpmw,@belvettzapeta1251,Qué rico come tu diputado,Quorum,1,autor-video
a:UCzoL2l5H5eVlorWGH8AZfAg,v:n8iP75gIpmw,UCzoL2l5H5eVlorWGH8AZfAg,n8iP75gIpmw,@jor77cas,Qué rico come tu diputado,Quorum,1,autor-video
a:UCWIZUtKJ636y-4TYrNvok0g,v:n8iP75gIpmw,UCWIZUtKJ636y-4TYrNvok0g,n8iP75gIpmw,@cesarandreas7824,Qué rico come tu diputado,Quorum,1,autor-video
a:UCDIMztpVm7G27qBuiWuT6oQ,v:n8iP75gIpmw,UCDIMztpVm7G27qBuiWuT6oQ,n8iP75gIpmw,@lizardomorataya8274,Qué rico come tu diputado,Quorum,1,autor-video
a:UCRelkU8JiZBytTzebJxaa-w,v:n8iP75gIpmw,UCRelkU8JiZBytTzebJxaa-w,n8iP75gIpmw,@danyraymundo2942,Qué rico come tu diputado,Quorum,1,autor-video
a:UCOY3XpD9qMCRSA8AA8c4CAw,v:yLZS3JiEBg8,UCOY3XpD9qMCRSA8AA8c4CAw,yLZS3JiEBg8,@franciscorodas9686,Arroz con pollo a la MONOPOLIO,Quorum,1,autor-video
a:UCTTILH6QCIxbTnEWxwRqs1g,v:yLZS3JiEBg8,UCTTILH6QCIxbTnEWxwRqs1g,yLZS3JiEBg8,@3762Jorge,Arroz con pollo a la MONOPOLIO,Quorum,1,autor-video
a:UC4wq3DcbfaG6dtCqn8Oyu3w,v:n8iP75gIpmw,UC4wq3DcbfaG6dtCqn8Oyu3w,n8iP75gIpmw,@hugoasencio7764,Qué rico come tu diputado,Quorum,1,autor-video
a:UChT7pzGytNd92Nmvi-zuWog,v:yLZS3JiEBg8,UChT7pzGytNd92Nmvi-zuWog,yLZS3JiEBg8,@sparkvalkov,Arroz con pollo a la MONOPOLIO,Quorum,1,autor-video
a:UCxcoDvP-g2_KTZDmVZtvb3w,v:yLZS3JiEBg8,UCxcoDvP-g2_KTZDmVZtvb3w,yLZS3JiEBg8,@angelmartinez9523,Arroz con pollo a la MONOPOLIO,Quorum,1,autor-video
a:UCdQAuWwyC99MB7Y02Umj26Q,v:yLZS3JiEBg8,UCdQAuWwyC99MB7Y02Umj26Q,yLZS3JiEBg8,@miguelbran1268,Arroz con pollo a la MONOPOLIO,Quorum,1,autor-video
a:UCbrtvygfRT6QXqWDNrOf-cA,v:yLZS3JiEBg8,UCbrtvygfRT6QXqWDNrOf-cA,yLZS3JiEBg8,@Alejandro00710,Arroz con pollo a la MONOPOLIO,Quorum,1,autor-video
a:UCwEe1RKlEv1UpNWmWYfSh4w,v:yLZS3JiEBg8,UCwEe1RKlEv1UpNWmWYfSh4w,yLZS3JiEBg8,@marioramirez299,Arroz con pollo a la MONOPOLIO,Quorum,1,autor-video
a:UCCUmP4PlbwgikVFpYwbtRTg,v:yLZS3JiEBg8,UCCUmP4PlbwgikVFpYwbtRTg,yLZS3JiEBg8,@alhvi,Arroz con pollo a la MONOPOLIO,Quorum,1,autor-video
a:UCefAH1MbvADWUjE9WVcB9EQ,v:yLZS3JiEBg8,UCefAH1MbvADWUjE9WVcB9EQ,yLZS3JiEBg8,@jabriz8152,Arroz con pollo a la MONOPOLIO,Quorum,1,autor-video
a:UCZLG9qH0tUjNhEGFIUt0CYw,v:n8iP75gIpmw,UCZLG9qH0tUjNhEGFIUt0CYw,n8iP75gIpmw,@SoniaMarroquin-y6e,Qué rico come tu diputado,Quorum,1,autor-video
a:UCXSkL3ejZ8qWYyF_M7s_QKA,v:n8iP75gIpmw,UCXSkL3ejZ8qWYyF_M7s_QKA,n8iP75gIpmw,@JacintaTzoy,Qué rico come tu diputado,Quorum,1,autor-video
a:UC6PvO1_k5lHKGdAPo5_C6TA,v:n8iP75gIpmw,UC6PvO1_k5lHKGdAPo5_C6TA,n8iP75gIpmw,@johnmejia992,Qué rico come tu diputado,Quorum,1,autor-video
a:UCN6qbfPSzFtjhqUDZ3Cv3CQ,v:n8iP75gIpmw,UCN6qbfPSzFtjhqUDZ3Cv3CQ,n8iP75gIpmw,@carlosmedranovelasquez6380,Qué rico come tu diputado,Quorum,1,autor-video
a:UCV0iizTBoOfdAFX_thfI9BA,v:n8iP75gIpmw,UCV0iizTBoOfdAFX_thfI9BA,n8iP75gIpmw,@BenjaminLarios-jd8nk,Qué rico come tu diputado,Quorum,1,autor-video
a:UCujPF2nBgsTD62nWE3lcpIg,v:n8iP75gIpmw,UCujPF2nBgsTD62nWE3lcpIg,n8iP75gIpmw,@victorarturoruanobautista7588,Qué rico come tu diputado,Quorum,1,autor-video
a:UC8F2V63KZ4ZEay6opX2hAQw,v:n8iP75gIpmw,UC8F2V63KZ4ZEay6opX2hAQw,n8iP75gIpmw,@carmenr6311,Qué rico come tu diputado,Quorum,1,autor-video
a:UCQgYjVngJRfPHDLGB5X6ZjA,v:n8iP75gIpmw,UCQgYjVngJRfPHDLGB5X6ZjA,n8iP75gIpmw,@oscarnavas9996,Qué rico come tu diputado,Quorum,1,autor-video
a:UCCaYwkkbQGcvFoUmothVdQQ,v:n8iP75gIpmw,UCCaYwkkbQGcvFoUmothVdQQ,n8iP75gIpmw,@OsvaldoAguirre-l3i,Qué rico come tu diputado,Quorum,1,autor-video
a:UCQqetiwzzmRNTM5OWuXarGQ,v:n8iP75gIpmw,UCQqetiwzzmRNTM5OWuXarGQ,n8iP75gIpmw,@isaiaslopezvelasquez1539,Qué rico come tu diputado,Quorum,1,autor-video
a:UCmjppp6ujz3SAnULvP3sZMw,v:n8iP75gIpmw,UCmjppp6ujz3SAnULvP3sZMw,n8iP75gIpmw,@marcomendez7509,Qué rico come tu diputado,Quorum,1,autor-video
a:UCOS8ViEkccrTZx2w2ccxotA,v:n8iP75gIpmw,UCOS8ViEkccrTZx2w2ccxotA,n8iP75gIpmw,@OscarHernandez-q8y,Qué rico come tu diputado,Quorum,1,autor-video
a:UC3MYTqpQqlWBuCB7Th0e0PA,v:n8iP75gIpmw,UC3MYTqpQqlWBuCB7Th0e0PA,n8iP75gIpmw,@isaaclopez7220,Qué rico come tu diputado,Quorum,1,autor-video
a:UC-pNP6RMFuLg_-x7Ah_0kEA,v:n8iP75gIpmw,UC-pNP6RMFuLg_-x7Ah_0kEA,n8iP75gIpmw,@almacatalan2717,Qué rico come tu diputado,Quorum,1,autor-video
a:UCXr8_5WtGeipe4haOoQDgyQ,v:n8iP75gIpmw,UCXr8_5WtGeipe4haOoQDgyQ,n8iP75gIpmw,@amyherrera7352,Qué rico come tu diputado,Quorum,1,autor-video
a:UChgkn5Jt5tWKYMoEOuCjz3Q,v:n8iP75gIpmw,UChgkn5Jt5tWKYMoEOuCjz3Q,n8iP75gIpmw,@pablochitay46,Qué rico come tu diputado,Quorum,1,autor-video
a:UCpIdtvoFHVLGASGB5ySqIEA,v:n8iP75gIpmw,UCpIdtvoFHVLGASGB5ySqIEA,n8iP75gIpmw,@VidalVillatoro-p4w,Qué rico come tu diputado,Quorum,1,autor-video
a:UCgvw7xIdGFupzpt1Y_BFkEA,v:n8iP75gIpmw,UCgvw7xIdGFupzpt1Y_BFkEA,n8iP75gIpmw,@fredygarcia9151,Qué rico come tu diputado,Quorum,1,autor-video
a:UCueV9cTyTDwgQSec1x2dYgA,v:n8iP75gIpmw,UCueV9cTyTDwgQSec1x2dYgA,n8iP75gIpmw,@fredydomingo7062,Qué rico come tu diputado,Quorum,1,autor-video
a:UC6xI_MOaxajIWpoP8BH6E_Q,v:s0eco-BofOs,UC6xI_MOaxajIWpoP8BH6E_Q,s0eco-BofOs,@jahirdiaz5862,¿Quiénes pagan más en Centroamérica?,Quorum,1,autor-video
