nodo_id,tipo,id_original,etiqueta,grado,grado_ponderado,handle,canal,categoria,vistas,me_gusta,respuestas
a:UCi2KiZq63sRq8Mfbcp-MelQ,autor,UCi2KiZq63sRq8Mfbcp-MelQ,@eugeneramirez4405,1,6,@eugeneramirez4405,,,,1.0,0.0
a:UCyJhqmMbsvjpoarBBStA2kg,autor,UCyJhqmMbsvjpoarBBStA2kg,@Murmullodelbarrio,1,6,@Murmullodelbarrio,,,,14.0,0.0
a:UC5H8ASmMC9WrURmzeB4ySog,autor,UC5H8ASmMC9WrURmzeB4ySog,@ManuelEdran,1,5,@ManuelEdran,,,,6.0,0.0
a:UCV3fr-YOixFKCZBbJP1-X4w,autor,UCV3fr-YOixFKCZBbJP1-X4w,@albertoshernandez5251,1,5,@albertoshernandez5251,,,,17.0,0.0
a:UCvcu1kR8xMYy_I1Ty-2mV2Q,autor,UCvcu1kR8xMYy_I1Ty-2mV2Q,@hashojea7348,3,4,@hashojea7348,,,,0.0,0.0
a:UC9vMq1YF-e7C-VO0SHkbUTA,autor,UC9vMq1YF-e7C-VO0SHkbUTA,@ErvinLeonardoCarreraLatín,1,4,@ErvinLeonardoCarreraLat%C3%ADn,,,,0.0,0.0
a:UCh5ESQvtzyHDhCA7XyekCFA,autor,UCh5ESQvtzyHDhCA7XyekCFA,@andyB5280,1,3,@andyB5280,,,,4.0,0.0
a:UChs3tU2BcKOT0CezykvAsGw,autor,UChs3tU2BcKOT0CezykvAsGw,@byronpontaza,1,3,@byronpontaza,,,,4.0,0.0
a:UCFjudnPLoaSL1BaRuLahyHg,autor,UCFjudnPLoaSL1BaRuLahyHg,@HaroldoCastillo-rh9iw,1,3,@HaroldoCastillo-rh9iw,,,,3.0,0.0
a:UC3XTwHxygNCgjndsg-UiCQA,autor,UC3XTwHxygNCgjndsg-UiCQA,@marioajset4283,1,3,@marioajset4283,,,,2.0,0.0
a:UC72gBAtyb_VXQlYDcFrh6oQ,autor,UC72gBAtyb_VXQlYDcFrh6oQ,@osmanmorales3012,1,3,@osmanmorales3012,,,,19.0,0.0
a:UCpsKOkt5iWTbenzeuq7dsmQ,autor,UCpsKOkt5iWTbenzeuq7dsmQ,@inge_vergueta,3,3,@inge_vergueta,,,,4.0,0.0
a:UCNIeXbV_mEwpa412h1aqUWw,autor,UCNIeXbV_mEwpa412h1aqUWw,@juandeleon9060,1,3,@juandeleon9060,,,,3.0,1.0
a:UCHTGCgY2l-DQJIvlA_cpa_Q,autor,UCHTGCgY2l-DQJIvlA_cpa_Q,@virgiliogarcia3039,2,3,@virgiliogarcia3039,,,,14.0,0.0
a:UCg3eIfd7BrsLEqS0BLkftHA,autor,UCg3eIfd7BrsLEqS0BLkftHA,@ErmePérez-q4s,1,3,@ErmeP%C3%A9rez-q4s,,,,0.0,0.0
a:UCylqlpsh8ENNM1LqgQ1KbxA,autor,UCylqlpsh8ENNM1LqgQ1KbxA,@Jel.Awesh.M,2,3,@Jel.Awesh.M,,,,1.0,0.0
a:UCdFlugHJJa4l3YqWuNRmvXw,autor,UCdFlugHJJa4l3YqWuNRmvXw,@MarcosCarillo-b1r,2,2,@MarcosCarillo-b1r,,,,0.0,1.0
a:UCut6b9S98nv84cVX89PmKzA,autor,UCut6b9S98nv84cVX89PmKzA,@yeniferaguirre4498,1,2,@yeniferaguirre4498,,,,1.0,0.0
a:UCOLGv5Pf6BF2wFcwUzgcvHg,autor,UCOLGv5Pf6BF2wFcwUzgcvHg,@welfrealdana5559,1,2,@welfrealdana5559,,,,4.0,0.0
a:UCAxvOOHQk7dYPOajzFEVtbA,autor,UCAxvOOHQk7dYPOajzFEVtbA,@ruddydepaz322,1,2,@ruddydepaz322,,,,0.0,0.0
a:UCQ_-LPP8JAbfkc-b1Q6NvWw,autor,UCQ_-LPP8JAbfkc-b1Q6NvWw,@MegaKristenstewart,1,2,@MegaKristenstewart,,,,31.0,0.0
a:UCWaRixDdpgllTBf4V0jPnKQ,autor,UCWaRixDdpgllTBf4V0jPnKQ,@hectormaaz5523,1,2,@hectormaaz5523,,,,0.0,0.0
a:UCHhHUjaMAZ8SiXdCUCj9DkQ,autor,UCHhHUjaMAZ8SiXdCUCj9DkQ,@fredymendez1786,1,2,@fredymendez1786,,,,3.0,0.0
a:UCoGdCoJg2Lh0OX_jv6cG16g,autor,UCoGdCoJg2Lh0OX_jv6cG16g,@Israel-u5i7i,1,2,@Israel-u5i7i,,,,2.0,0.0
a:UCp29O_C7cchZV8IxV7Crdag,autor,UCp29O_C7cchZV8IxV7Crdag,@robertoescobar5507,1,2,@robertoescobar5507,,,,0.0,0.0
a:UCjZgFEowMBrsjodqfovzdKw,autor,UCjZgFEowMBrsjodqfovzdKw,@franciscoflores3120,2,2,@franciscoflores3120,,,,0.0,0.0
a:UCVC2QugcI1G4RvlCiUqd1aQ,autor,UCVC2QugcI1G4RvlCiUqd1aQ,@rwdm76,1,2,@rwdm76,,,,0.0,0.0
a:UCwW2OFy95P7ZBkOPxWkpvYg,autor,UCwW2OFy95P7ZBkOPxWkpvYg,@TeresaLucero-b5o,1,2,@TeresaLucero-b5o,,,,2.0,0.0
a:UCL13XhnRzbGokEkCkEOb0-g,autor,UCL13XhnRzbGokEkCkEOb0-g,@raquelprado3643,1,2,@raquelprado3643,,,,8.0,0.0
a:UC7IMsCxfZyWN7YQo8-JYa6Q,autor,UC7IMsCxfZyWN7YQo8-JYa6Q,@Burgos68,1,2,@Burgos68,,,,1.0,0.0
a:UCLFdHr9BEbXHkoJopbEPLZw,autor,UCLFdHr9BEbXHkoJopbEPLZw,@kanterra4584,1,2,@kanterra4584,,,,24.0,0.0
a:UCNBnKqWf4d-rS4HwJRQljmQ,autor,UCNBnKqWf4d-rS4HwJRQljmQ,@LE_A22,1,2,@LE_A22,,,,1.0,0.0
a:UCLggDc_a5HriXv7I1h02sOA,autor,UCLggDc_a5HriXv7I1h02sOA,@guillermogonzalez5153,1,2,@guillermogonzalez5153,,,,7.0,0.0
a:UCi1b_TRQfgO1Z9O2gNGGWNA,autor,UCi1b_TRQfgO1Z9O2gNGGWNA,@davidisraelesquitsaquil,1,2,@davidisraelesquitsaquil,,,,0.0,0.0
a:UCBlm80VQ4YoV3bUJR_XhkaQ,autor,UCBlm80VQ4YoV3bUJR_XhkaQ,@rosadiaz6945,1,2,@rosadiaz6945,,,,0.0,3.0
a:UCtCtts20bW6F9CSohau51Iw,autor,UCtCtts20bW6F9CSohau51Iw,@carlosgranados9875,1,2,@carlosgranados9875,,,,0.0,0.0
a:UCzZ6dDCEsLMXbc5pCFXIprw,autor,UCzZ6dDCEsLMXbc5pCFXIprw,@josegil3813,2,2,@josegil3813,,,,0.0,0.0
a:UCkd9W714-947dEE6ZOEBATA,autor,UCkd9W714-947dEE6ZOEBATA,@ARGELIATELON,1,2,@ARGELIATELON,,,,3.0,0.0
a:UC-QOpE7GOxlXcHZ8b7HbQKA,autor,UC-QOpE7GOxlXcHZ8b7HbQKA,@mariaalexander427,1,2,@mariaalexander427,,,,0.0,0.0
a:UCQtICyzWmhC5woCtbNgaSmg,autor,UCQtICyzWmhC5woCtbNgaSmg,@nestormendez6216,1,2,@nestormendez6216,,,,5.0,0.0
a:UCz3gu01bmjNv0DpRq-K3XYg,autor,UCz3gu01bmjNv0DpRq-K3XYg,@eusebiovasquez4385,1,2,@eusebiovasquez4385,,,,2.0,0.0
a:UCbrtvygfRT6QXqWDNrOf-cA,autor,UCbrtvygfRT6QXqWDNrOf-cA,@Alejandro00710,2,2,@Alejandro00710,,,,0.0,0.0
a:UCsUCN0Yq_UyTvKjOJLmNrnQ,autor,UCsUCN0Yq_UyTvKjOJLmNrnQ,@moisesvaldez4043,2,2,@moisesvaldez4043,,,,0.0,0.0
a:UCrJn_rbo_ENAdeqneS-RmRw,autor,UCrJn_rbo_ENAdeqneS-RmRw,@josecarrera9623,1,2,@josecarrera9623,,,,1.0,0.0
a:UCXXh7yg5KUFIWylTiKVEFKQ,autor,UCXXh7yg5KUFIWylTiKVEFKQ,@MrDuenderojo,1,2,@MrDuenderojo,,,,2.0,0.0
a:UCtNyHmRZtvGF2hSvI2dUBWw,autor,UCtNyHmRZtvGF2hSvI2dUBWw,@aureliomaldonado4793,1,2,@aureliomaldonado4793,,,,1.0,0.0
a:UCvl1tzQeBeGy6efPTRJXSCw,autor,UCvl1tzQeBeGy6efPTRJXSCw,@RaulPerez-cw2vi,1,1,@RaulPerez-cw2vi,,,,0.0,0.0
a:UCRAquv8el-tQ30bN7MlmySQ,autor,UCRAquv8el-tQ30bN7MlmySQ,@iamjimalesssa,1,1,@iamjimalesssa,,,,4.0,0.0
a:UCkbsS_3D-pvg1iHOld9uvIg,autor,UCkbsS_3D-pvg1iHOld9uvIg,@gonzalo6075,1,1,@gonzalo6075,,,,0.0,0.0
a:UCOLHH4ZpMxPYF-Q6e6wvn5A,autor,UCOLHH4ZpMxPYF-Q6e6wvn5A,@luisroldan7374,1,1,@luisroldan7374,,,,2.0,1.0
a:UCXl30Y_upRqbti52fmjK4YA,autor,UCXl30Y_upRqbti52fmjK4YA,@capitanfrans,1,1,@capitanfrans,,,,0.0,0.0
a:UCRelkU8JiZBytTzebJxaa-w,autor,UCRelkU8JiZBytTzebJxaa-w,@danyraymundo2942,1,1,@danyraymundo2942,,,,3.0,0.0
a:UCgLurCo-e019HGODcjXHWCw,autor,UCgLurCo-e019HGODcjXHWCw,@perritojuega1,1,1,@perritojuega1,,,,2.0,0.0
a:UCDIMztpVm7G27qBuiWuT6oQ,autor,UCDIMztpVm7G27qBuiWuT6oQ,@lizardomorataya8274,1,1,@lizardomorataya8274,,,,0.0,0.0
a:UCZOmq6MwFDVoCaEl99BRRaw,autor,UCZOmq6MwFDVoCaEl99BRRaw,@daniloarevalo3170,1,1,@daniloarevalo3170,,,,0.0,0.0
a:UCFybmWapGvBKcQod7cPPH9w,autor,UCFybmWapGvBKcQod7cPPH9w,@vitalianochavez8382,1,1,@vitalianochavez8382,,,,1.0,0.0
a:UCWIZUtKJ636y-4TYrNvok0g,autor,UCWIZUtKJ636y-4TYrNvok0g,@cesarandreas7824,1,1,@cesarandreas7824,,,,5.0,0.0
a:UCzoL2l5H5eVlorWGH8AZfAg,autor,UCzoL2l5H5eVlorWGH8AZfAg,@jor77cas,1,1,@jor77cas,,,,6.0,0.0
a:UCKVzDUqbtdSMBcexaEtMmzQ,autor,UCKVzDUqbtdSMBcexaEtMmzQ,@rotorairgroup8409,1,1,@rotorairgroup8409,,,,0.0,0.0
a:UCNpt5CQlTzNjlAKY6CJtClQ,autor,UCNpt5CQlTzNjlAKY6CJtClQ,@eustaquiogomez9975,1,1,@eustaquiogomez9975,,,,0.0,0.0
a:UCQyOePccUP-fIJYzchAgZYw,autor,UCQyOePccUP-fIJYzchAgZYw,@aguilar4254,1,1,@aguilar4254,,,,0.0,0.0
a:UCXmrpc6Li0spcKxtS0Q_ptg,autor,UCXmrpc6Li0spcKxtS0Q_ptg,@melvinperez6710,1,1,@melvinperez6710,,,,10.0,0.0
a:UCZ51R_9Q9C0c8I3pAWhtmjQ,autor,UCZ51R_9Q9C0c8I3pAWhtmjQ,@belvettzapeta1251,1,1,@belvettzapeta1251,,,,8.0,0.0
a:UCPLW0HE3siElqCgXfgWxMqg,autor,UCPLW0HE3siElqCgXfgWxMqg,@elizabethmonterroso7719,1,1,@elizabethmonterroso7719,,,,0.0,0.0
a:UCxhtlxPV8AYWaNNyU6S9H8Q,autor,UCxhtlxPV8AYWaNNyU6S9H8Q,@WilR-s8r,1,1,@WilR-s8r,,,,0.0,0.0
a:UCaKAjTW9MVub_clgr4DRYjQ,autor,UCaKAjTW9MVub_clgr4DRYjQ,@josecastillo4390,1,1,@josecastillo4390,,,,6.0,0.0
a:UCxff05WuyvwELNITi7bj7UA,autor,UCxff05WuyvwELNITi7bj7UA,@markoherrera,1,1,@markoherrera,,,,3.0,0.0
a:UCZLG9qH0tUjNhEGFIUt0CYw,autor,UCZLG9qH0tUjNhEGFIUt0CYw,@SoniaMarroquin-y6e,1,1,@SoniaMarroquin-y6e,,,,1.0,0.0
a:UCwgCc9Jd_gG-uLE_SY-FfPg,autor,UCwgCc9Jd_gG-uLE_SY-FfPg,@armindapenados2841,1,1,@armindapenados2841,,,,0.0,0.0
a:UCXSkL3ejZ8qWYyF_M7s_QKA,autor,UCXSkL3ejZ8qWYyF_M7s_QKA,@JacintaTzoy,1,1,@JacintaTzoy,,,,0.0,0.0
a:UC6PvO1_k5lHKGdAPo5_C6TA,autor,UC6PvO1_k5lHKGdAPo5_C6TA,@johnmejia992,1,1,@johnmejia992,,,,1.0,0.0
a:UCwxoKK59nGCeBqB2sXfDBIw,autor,UCwxoKK59nGCeBqB2sXfDBIw,@vic-bonivideos,1,1,@vic-bonivideos,,,,0.0,1.0
a:UCkVtmkK07b2zaVVNssX4lOg,autor,UCkVtmkK07b2zaVVNssX4lOg,@HectorElias-u2l,1,1,@HectorElias-u2l,,,,0.0,0.0
a:UCN6qbfPSzFtjhqUDZ3Cv3CQ,autor,UCN6qbfPSzFtjhqUDZ3Cv3CQ,@carlosmedranovelasquez6380,1,1,@carlosmedranovelasquez6380,,,,2.0,0.0
a:UC95PSMouTx2N5CbSq0hIyrQ,autor,UC95PSMouTx2N5CbSq0hIyrQ,@lisss1908,1,1,@lisss1908,,,,0.0,0.0
a:UCueV9cTyTDwgQSec1x2dYgA,autor,UCueV9cTyTDwgQSec1x2dYgA,@fredydomingo7062,1,1,@fredydomingo7062,,,,0.0,0.0
a:UCgvw7xIdGFupzpt1Y_BFkEA,autor,UCgvw7xIdGFupzpt1Y_BFkEA,@fredygarcia9151,1,1,@fredygarcia9151,,,,1.0,0.0
a:UCeDNEtI8_a42bZ47wJiJMwQ,autor,UCeDNEtI8_a42bZ47wJiJMwQ,@EdgarcalderonCalderong,1,1,@EdgarcalderonCalderong,,,,0.0,0.0
a:UCiOZX__1gahg1ypIj0_XG_w,autor,UCiOZX__1gahg1ypIj0_XG_w,@mariogonzalezorellana8956,1,1,@mariogonzalezorellana8956,,,,1.0,0.0
a:UCqCrvuoJpC-aVb0f4logQRQ,autor,UCqCrvuoJpC-aVb0f4logQRQ,@Lyrics_GT,1,1,@Lyrics_GT,,,,0.0,0.0
a:UCld2stqxaVSk0QdGncM224A,autor,UCld2stqxaVSk0QdGncM224A,@sarahernandez3873,1,1,@sarahernandez3873,,,,4.0,0.0
a:UCpIdtvoFHVLGASGB5ySqIEA,autor,UCpIdtvoFHVLGASGB5ySqIEA,@VidalVillatoro-p4w,1,1,@VidalVillatoro-p4w,,,,1.0,0.0
a:UCtiHFjFu7d5v2XxHnKFUYig,autor,UCtiHFjFu7d5v2XxHnKFUYig,@Paul-gf7ec,1,1,@Paul-gf7ec,,,,0.0,0.0
a:UCQM2tCKRRytVDRxNUfCDqQQ,autor,UCQM2tCKRRytVDRxNUfCDqQQ,@elioelias7267,1,1,@elioelias7267,,,,0.0,0.0
a:UCWvntqPQx99k_Z_skWKqNSA,autor,UCWvntqPQx99k_Z_skWKqNSA,@AntonioChiyal-x5s,1,1,@AntonioChiyal-x5s,,,,2.0,1.0
a:UChgkn5Jt5tWKYMoEOuCjz3Q,autor,UChgkn5Jt5tWKYMoEOuCjz3Q,@pablochitay46,1,1,@pablochitay46,,,,2.0,0.0
a:UCiC-Jn7wdgyQV4_Urk0DkWQ,autor,UCiC-Jn7wdgyQV4_Urk0DkWQ,@pedroros6358,1,1,@pedroros6358,,,,1.0,0.0
a:UCQIdKuZ-OzuFqy0KjGrgesg,autor,UCQIdKuZ-OzuFqy0KjGrgesg,@lyacausa,1,1,@lyacausa,,,,1.0,0.0
a:UCXr8_5WtGeipe4haOoQDgyQ,autor,UCXr8_5WtGeipe4haOoQDgyQ,@amyherrera7352,1,1,@amyherrera7352,,,,0.0,0.0
a:UC_3xuTXvMIWU5MYP9HkJ3vQ,autor,UC_3xuTXvMIWU5MYP9HkJ3vQ,@Historia-wm4os,1,1,@Historia-wm4os,,,,4.0,0.0
a:UC-pNP6RMFuLg_-x7Ah_0kEA,autor,UC-pNP6RMFuLg_-x7Ah_0kEA,@almacatalan2717,1,1,@almacatalan2717,,,,5.0,0.0
a:UC1Y7x3h0c95Z8kUhi-Tzaeg,autor,UC1Y7x3h0c95Z8kUhi-Tzaeg,@rosadiaz9235,1,1,@rosadiaz9235,,,,0.0,0.0
a:UC1WlJfQmaIskYhP4gmWoamw,autor,UC1WlJfQmaIskYhP4gmWoamw,@marthareiss5434,1,1,@marthareiss5434,,,,2.0,1.0
a:UC3MYTqpQqlWBuCB7Th0e0PA,autor,UC3MYTqpQqlWBuCB7Th0e0PA,@isaaclopez7220,1,1,@isaaclopez7220,,,,4.0,0.0
a:UCOcUI5XkTYNMSFhZNMIPpGg,autor,UCOcUI5XkTYNMSFhZNMIPpGg,@hendersonlopez3864,1,1,@hendersonlopez3864,,,,3.0,0.0
a:UCOS8ViEkccrTZx2w2ccxotA,autor,UCOS8ViEkccrTZx2w2ccxotA,@OscarHernandez-q8y,1,1,@OscarHernandez-q8y,,,,4.0,0.0
a:UC3iIU62XKUOWuqL8BqBzj9A,autor,UC3iIU62XKUOWuqL8BqBzj9A,@antonioduarte2288,1,1,@antonioduarte2288,,,,0.0,0.0
a:UCmjppp6ujz3SAnULvP3sZMw,autor,UCmjppp6ujz3SAnULvP3sZMw,@marcomendez7509,1,1,@marcomendez7509,,,,0.0,0.0
a:UC5PyGvSfFM--OVKmQ3COu6g,autor,UC5PyGvSfFM--OVKmQ3COu6g,@FreddyGmez,1,1,@FreddyGmez,,,,3.0,0.0
a:UCQqetiwzzmRNTM5OWuXarGQ,autor,UCQqetiwzzmRNTM5OWuXarGQ,@isaiaslopezvelasquez1539,1,1,@isaiaslopezvelasquez1539,,,,1.0,0.0
a:UCCaYwkkbQGcvFoUmothVdQQ,autor,UCCaYwkkbQGcvFoUmothVdQQ,@OsvaldoAguirre-l3i,1,1,@OsvaldoAguirre-l3i,,,,0.0,0.0
a:UCQgYjVngJRfPHDLGB5X6ZjA,autor,UCQgYjVngJRfPHDLGB5X6ZjA,@oscarnavas9996,1,1,@oscarnavas9996,,,,0.0,0.0
a:UCN2N_wYOw6fMwCeSzdXLPIw,autor,UCN2N_wYOw6fMwCeSzdXLPIw,@danielantoniogonzalezflore4901,1,1,@danielantoniogonzalezflore4901,,,,0.0,0.0
a:UC8F2V63KZ4ZEay6opX2hAQw,autor,UC8F2V63KZ4ZEay6opX2hAQw,@carmenr6311,1,1,@carmenr6311,,,,0.0,0.0
a:UCheEJ5GZuIvV0fj-nXyVwXw,autor,UCheEJ5GZuIvV0fj-nXyVwXw,@rosaoliva9389,1,1,@rosaoliva9389,,,,0.0,0.0
a:UCujPF2nBgsTD62nWE3lcpIg,autor,UCujPF2nBgsTD62nWE3lcpIg,@victorarturoruanobautista7588,1,1,@victorarturoruanobautista7588,,,,0.0,0.0
a:UCV0iizTBoOfdAFX_thfI9BA,autor,UCV0iizTBoOfdAFX_thfI9BA,@BenjaminLarios-jd8nk,1,1,@BenjaminLarios-jd8nk,,,,0.0,0.0
a:UCkxdJ_yGN2gghOMo2ybQtXQ,autor,UCkxdJ_yGN2gghOMo2ybQtXQ,@11223344An,1,1,@11223344An,,,,1.0,0.0
a:UC4wq3DcbfaG6dtCqn8Oyu3w,autor,UC4wq3DcbfaG6dtCqn8Oyu3w,@hugoasencio7764,1,1,@hugoasencio7764,,,,1.0,0.0
a:UCXVLc8CmAO813ubM-fLvCDw,autor,UCXVLc8CmAO813ubM-fLvCDw,@herminiasaquimux7565,1,1,@herminiasaquimux7565,,,,7.0,0.0
a:UCgQw_Sbq3ugruDUKsq1e0-A,autor,UCgQw_Sbq3ugruDUKsq1e0-A,@marlenareano-h4t,1,1,@marlenareano-h4t,,,,0.0,0.0
a:UCQtSFINs1h6GHkpg9o5kMvg,autor,UCQtSFINs1h6GHkpg9o5kMvg,@MacarioMartinezruiz,1,1,@MacarioMartinezruiz,,,,12.0,0.0
a:UC2ngpd8UBQu4gcUYy0goAtg,autor,UC2ngpd8UBQu4gcUYy0goAtg,@juliohernandez7438,1,1,@juliohernandez7438,,,,0.0,0.0
a:UCzSfZlOVxBSs5ObD25ywxDQ,autor,UCzSfZlOVxBSs5ObD25ywxDQ,@GilmarMaldonado-q9m,1,1,@GilmarMaldonado-q9m,,,,0.0,0.0
a:UCNkcuy42zEwddwEcOd_HpnA,autor,UCNkcuy42zEwddwEcOd_HpnA,@vanigomez492,1,1,@vanigomez492,,,,3.0,0.0
a:UCJp3OrVYcBorC94sKwdch_A,autor,UCJp3OrVYcBorC94sKwdch_A,@ULJoshmg2011,1,1,@ULJoshmg2011,,,,0.0,0.0
a:UCLh1Kde4_vI1sTZBkTNP7RQ,autor,UCLh1Kde4_vI1sTZBkTNP7RQ,@JoelReynoso-d4r,1,1,@JoelReynoso-d4r,,,,0.0,0.0
a:UCThW2XNsAaBKme5PUt7n-Zg,autor,UCThW2XNsAaBKme5PUt7n-Zg,@thelmamoran8565,1,1,@thelmamoran8565,,,,0.0,0.0
a:UC6YSZqL0vEcI-niPKIMUGfw,autor,UC6YSZqL0vEcI-niPKIMUGfw,@maxwellsales885,1,1,@maxwellsales885,,,,2.0,0.0
a:UCO0zwwLWGyDgQmWPJ5Qrr1w,autor,UCO0zwwLWGyDgQmWPJ5Qrr1w,@elsalvador3605,1,1,@elsalvador3605,,,,3.0,0.0
a:UCwjUvRseNtJoItylIyIez7Q,autor,UCwjUvRseNtJoItylIyIez7Q,@Silviazea,1,1,@Silviazea,,,,0.0,0.0
a:UCTwSut16JyAg3mX6LVUNGqA,autor,UCTwSut16JyAg3mX6LVUNGqA,@SuperVictor2005,1,1,@SuperVictor2005,,,,0.0,0.0
a:UCwO2SXr0ggzwg6QWWrr01nQ,autor,UCwO2SXr0ggzwg6QWWrr01nQ,@ricardofigueroa5720,1,1,@ricardofigueroa5720,,,,11.0,0.0
a:UC816IGbFCZinfYS1LRDaaHg,autor,UC816IGbFCZinfYS1LRDaaHg,@ingenieroar,1,1,@ingenieroar,,,,1.0,0.0
a:UC3qn1yJA5PeW9rkGPatQxiw,autor,UC3qn1yJA5PeW9rkGPatQxiw,@VICTOREST19,1,1,@VICTOREST19,,,,7.0,0.0
a:UCaT4saRcyqCLE657Rq2hhZQ,autor,UCaT4saRcyqCLE657Rq2hhZQ,@elmilenial4064,1,1,@elmilenial4064,,,,0.0,0.0
a:UCc_F88PzGWtA1OPNUEASulA,autor,UCc_F88PzGWtA1OPNUEASulA,@rockyscarlet,1,1,@rockyscarlet,,,,0.0,0.0
a:UCErZPJpHmLCsXs8ZWkAUupQ,autor,UCErZPJpHmLCsXs8ZWkAUupQ,@dorisl.garciaroche7763,1,1,@dorisl.garciaroche7763,,,,2.0,1.0
a:UCFOxCyF926Y9eHhMeVoWLzw,autor,UCFOxCyF926Y9eHhMeVoWLzw,@arielsarc09,1,1,@arielsarc09,,,,3.0,0.0
a:UColMq7LmaoY3MT6aIDGrGvA,autor,UColMq7LmaoY3MT6aIDGrGvA,@quijotachapina1,1,1,@quijotachapina1,,,,0.0,0.0
a:UCat2qkYvqmtDNEmo2PVuhXw,autor,UCat2qkYvqmtDNEmo2PVuhXw,@DoraSalas-j5o,1,1,@DoraSalas-j5o,,,,1.0,0.0
a:UCSTAUWVc1_82DHYeqOsqEFA,autor,UCSTAUWVc1_82DHYeqOsqEFA,@TheAlexX_C,1,1,@TheAlexX_C,,,,191.0,2.0
a:UCcFIBN-rtC3d3hXeuN5TfWw,autor,UCcFIBN-rtC3d3hXeuN5TfWw,@DenisRMC,1,1,@DenisRMC,,,,0.0,0.0
a:UCV0lM03g5fg5pbPj97-sAtA,autor,UCV0lM03g5fg5pbPj97-sAtA,@genarodelgado3929,1,1,@genarodelgado3929,,,,1.0,0.0
a:UC_ljZ1hZXR9pzexFz87P5ZA,autor,UC_ljZ1hZXR9pzexFz87P5ZA,@ChRiStOpHeR7969,1,1,@ChRiStOpHeR7969,,,,0.0,0.0
a:UCLXYp1Cvc5DLtq5UQL5D9vw,autor,UCLXYp1Cvc5DLtq5UQL5D9vw,@jorgecifuentes-m5g,1,1,@jorgecifuentes-m5g,,,,3.0,1.0
a:UCfjhejO7LZy4doXURa7LZCQ,autor,UCfjhejO7LZy4doXURa7LZCQ,@HonwayLee-z5g,1,1,@HonwayLee-z5g,,,,0.0,0.0
a:UCplrIQtaPj6au60_f2-mOYw,autor,UCplrIQtaPj6au60_f2-mOYw,@romeolopezherrarte799,1,1,@romeolopezherrarte799,,,,0.0,0.0
a:UCql1n3Ey6ULMSOACjMe-fxQ,autor,UCql1n3Ey6ULMSOACjMe-fxQ,@RolandoGonzalez-o7g,1,1,@RolandoGonzalez-o7g,,,,6.0,7.0
a:UCZFQwqh90apuL8eFhvRBkUg,autor,UCZFQwqh90apuL8eFhvRBkUg,@luisricardo9671,1,1,@luisricardo9671,,,,9.0,0.0
a:UC63tFvbQ_hJhGDi2nbjssjw,autor,UC63tFvbQ_hJhGDi2nbjssjw,@AbigailRodas-w2r,1,1,@AbigailRodas-w2r,,,,2.0,0.0
a:UCcfdg8crmMJwEuLUsAhV7yg,autor,UCcfdg8crmMJwEuLUsAhV7yg,@RolandoRaguay,1,1,@RolandoRaguay,,,,1.0,0.0
a:UC6Uj1FT5JjDSF8vudvDxPAA,autor,UC6Uj1FT5JjDSF8vudvDxPAA,@alfredoortega9264,1,1,@alfredoortega9264,,,,1.0,0.0
a:UCj-LL25XJnjxepPKCc3NGog,autor,UCj-LL25XJnjxepPKCc3NGog,@anaaguirre8985,1,1,@anaaguirre8985,,,,1.0,0.0
a:UC1DpqK6vaPEkBOMNvypsKYg,autor,UC1DpqK6vaPEkBOMNvypsKYg,@HectorCarranza-u4j4o,1,1,@HectorCarranza-u4j4o,,,,0.0,0.0
a:UCDftMWXQoJ6nONfY7GVOVjg,autor,UCDftMWXQoJ6nONfY7GVOVjg,@luisgpacheco5858,1,1,@luisgpacheco5858,,,,0.0,0.0
a:UCYwpX26TrCxq8TvbKGRYLXA,autor,UCYwpX26TrCxq8TvbKGRYLXA,@beneficioelcaminovillacana8540,1,1,@beneficioelcaminovillacana8540,,,,3.0,0.0
a:UCUIIIPTVDVHAXqhC_5V6lPA,autor,UCUIIIPTVDVHAXqhC_5V6lPA,@gorrarota,1,1,@gorrarota,,,,0.0,0.0
a:UC_6KbBY1bsYXz9fwFS0eQRg,autor,UC_6KbBY1bsYXz9fwFS0eQRg,@imrcp5694,1,1,@imrcp5694,,,,0.0,0.0
a:UCDQaQv0hr2SS_PO-CMEwVHg,autor,UCDQaQv0hr2SS_PO-CMEwVHg,@federicosaquimux1933,1,1,@federicosaquimux1933,,,,1.0,0.0
a:UCefAH1MbvADWUjE9WVcB9EQ,autor,UCefAH1MbvADWUjE9WVcB9EQ,@jabriz8152,1,1,@jabriz8152,,,,0.0,0.0
a:UCEHXl4VvvVpq-_4xC5tsbhg,autor,UCEHXl4VvvVpq-_4xC5tsbhg,@anibalg47,1,1,@anibalg47,,,,7.0,0.0
a:UCeQk-WfEA-cJRq4EKeE7TOw,autor,UCeQk-WfEA-cJRq4EKeE7TOw,@franciscojuarez9223,1,1,@franciscojuarez9223,,,,0.0,0.0
a:UCljDbleJul41G1TzOjOZAVA,autor,UCljDbleJul41G1TzOjOZAVA,@hectorcarranza3777,1,1,@hectorcarranza3777,,,,1.0,0.0
a:UCGGHbtfbbe0o68etrOf0qxw,autor,UCGGHbtfbbe0o68etrOf0qxw,@karensussetteleonvargas9794,1,1,@karensussetteleonvargas9794,,,,0.0,0.0
a:UCVdjCrh4tQoX3haNAZv-n5A,autor,UCVdjCrh4tQoX3haNAZv-n5A,@aurahernandez5646,1,1,@aurahernandez5646,,,,3.0,1.0
a:UCZeIIQrGAedW8tCbKWmGY-A,autor,UCZeIIQrGAedW8tCbKWmGY-A,@mariocordon8873,1,1,@mariocordon8873,,,,9.0,0.0
a:UCFUuDARXdmmIrLppEqf-rFg,autor,UCFUuDARXdmmIrLppEqf-rFg,@allanmunoz7410,1,1,@allanmunoz7410,,,,0.0,0.0
a:UCCUmP4PlbwgikVFpYwbtRTg,autor,UCCUmP4PlbwgikVFpYwbtRTg,@alhvi,1,1,@alhvi,,,,3.0,0.0
a:UCfXykdbSU97rj987LDUGfvg,autor,UCfXykdbSU97rj987LDUGfvg,@MariaSantos-c8y3h,1,1,@MariaSantos-c8y3h,,,,1.0,0.0
a:UC4Avya4kmR4Q0FrfFdBozSQ,autor,UC4Avya4kmR4Q0FrfFdBozSQ,@davidlima1348,1,1,@davidlima1348,,,,11.0,0.0
a:UChep9kVb5gQmpodEEl10Xlg,autor,UChep9kVb5gQmpodEEl10Xlg,@carlosaguilar-kz7ml,1,1,@carlosaguilar-kz7ml,,,,0.0,0.0
a:UCtsxPYw8VUsH_FfnKg-0lmw,autor,UCtsxPYw8VUsH_FfnKg-0lmw,@AlejandroPérez-b6r,1,1,@AlejandroP%C3%A9rez-b6r,,,,2.0,0.0
a:UCRlCV9zSn7avAWh-9_XFWqQ,autor,UCRlCV9zSn7avAWh-9_XFWqQ,@ronyarana8849,1,1,@ronyarana8849,,,,1.0,0.0
a:UCfo_yUPzy1f1POwwZxhZ06Q,autor,UCfo_yUPzy1f1POwwZxhZ06Q,@lara11roberto,1,1,@lara11roberto,,,,1.0,0.0
a:UCTylKrsqkrBKIqubMu_5N0Q,autor,UCTylKrsqkrBKIqubMu_5N0Q,@edwingeovanymarroquinmarro6684,1,1,@edwingeovanymarroquinmarro6684,,,,1.0,0.0
a:UC5hvEnRUzI4Kfvwnyi4QxqQ,autor,UC5hvEnRUzI4Kfvwnyi4QxqQ,@leonelsantizo5281,1,1,@leonelsantizo5281,,,,2.0,0.0
a:UCVhif9eV0f8plICen2DnpKA,autor,UCVhif9eV0f8plICen2DnpKA,@blogarteplus,1,1,@blogarteplus,,,,0.0,0.0
a:UC1vr9aaMI2crB0NvwFHUeoQ,autor,UC1vr9aaMI2crB0NvwFHUeoQ,@JoseSimilox-p6e,1,1,@JoseSimilox-p6e,,,,0.0,0.0
a:UCEgEQmRbtL5fwr9_DqAC--g,autor,UCEgEQmRbtL5fwr9_DqAC--g,@ArielRodas-g5y,1,1,@ArielRodas-g5y,,,,2.0,0.0
a:UCIUhbSCy3-SGRe5UtqM4fzQ,autor,UCIUhbSCy3-SGRe5UtqM4fzQ,@jeanmorales1677,1,1,@jeanmorales1677,,,,1.0,0.0
a:UCozFYHN0e_-vlQbX3wQGOug,autor,UCozFYHN0e_-vlQbX3wQGOug,@jesusguzman2321,1,1,@jesusguzman2321,,,,5.0,2.0
a:UCQMMuADgqWUOcJpLwHOzC-g,autor,UCQMMuADgqWUOcJpLwHOzC-g,@Ripped-Yoda,1,1,@Ripped-Yoda,,,,0.0,0.0
a:UC0RpuMwkDKJYqgKHtsJRuWQ,autor,UC0RpuMwkDKJYqgKHtsJRuWQ,@sabinamarinaguerra3248,1,1,@sabinamarinaguerra3248,,,,113.0,1.0
a:UC-HeUTT6_g-VoiWds2a4H-w,autor,UC-HeUTT6_g-VoiWds2a4H-w,@JorgeMunoz-gd9et,1,1,@JorgeMunoz-gd9et,,,,0.0,0.0
a:UC2Y_EHWQKevubk4vOEBBFxw,autor,UC2Y_EHWQKevubk4vOEBBFxw,@alfonsomorales2653,1,1,@alfonsomorales2653,,,,1.0,0.0
a:UCwEe1RKlEv1UpNWmWYfSh4w,autor,UCwEe1RKlEv1UpNWmWYfSh4w,@marioramirez299,1,1,@marioramirez299,,,,0.0,0.0
a:UCDlr1VadSucIZgZ171pRBjQ,autor,UCDlr1VadSucIZgZ171pRBjQ,@cuabatzjj5924,1,1,@cuabatzjj5924,,,,0.0,0.0
a:UCxKR3RA8T-kxMgq_2WWhRcQ,autor,UCxKR3RA8T-kxMgq_2WWhRcQ,@elenaluarca9377,1,1,@elenaluarca9377,,,,329.0,5.0
a:UCJxJC56BSAX-ArD0NAb9qnQ,autor,UCJxJC56BSAX-ArD0NAb9qnQ,@alfonsowilian9157,1,1,@alfonsowilian9157,,,,0.0,0.0
a:UCqilIa8r7iek5sGYg_q6ofA,autor,UCqilIa8r7iek5sGYg_q6ofA,@rolandojuchuna484,1,1,@rolandojuchuna484,,,,52.0,1.0
a:UCyor0Mmm0ivLX2jIdyGp84Q,autor,UCyor0Mmm0ivLX2jIdyGp84Q,@MiguelJordan-n3g,1,1,@MiguelJordan-n3g,,,,0.0,0.0
a:UCpe5jW3MIqkgTJ-PgkzvM6Q,autor,UCpe5jW3MIqkgTJ-PgkzvM6Q,@carloslam5333,1,1,@carloslam5333,,,,1.0,0.0
a:UCuXmOjxC-htcprLgeVXz6Tg,autor,UCuXmOjxC-htcprLgeVXz6Tg,@jorgeaguilar-bq3uj,1,1,@jorgeaguilar-bq3uj,,,,1.0,0.0
a:UCySYJU5kUh7X8gVt9la2ISA,autor,UCySYJU5kUh7X8gVt9la2ISA,@dantesarti4351,1,1,@dantesarti4351,,,,0.0,0.0
a:UCPNXmbOBVeC4HS-xemvcPtQ,autor,UCPNXmbOBVeC4HS-xemvcPtQ,@BelkisRodriguezRamirez,1,1,@BelkisRodriguezRamirez,,,,2.0,3.0
a:UCtUR3_CAiE7fCoZHM6cMfyQ,autor,UCtUR3_CAiE7fCoZHM6cMfyQ,@mdelcid01,1,1,@mdelcid01,,,,10.0,0.0
a:UCGj2v6Gl5bN8NSrzJMXS-CA,autor,UCGj2v6Gl5bN8NSrzJMXS-CA,@juliogutierrez492,1,1,@juliogutierrez492,,,,0.0,0.0
a:UCOh6DaZC_x9HASnlRylEMfw,autor,UCOh6DaZC_x9HASnlRylEMfw,@AndresMedina-v1s,1,1,@AndresMedina-v1s,,,,0.0,0.0
a:UCL1MT278vSaQ83ZDkVWn1gw,autor,UCL1MT278vSaQ83ZDkVWn1gw,@elmorodriguez6978,1,1,@elmorodriguez6978,,,,20.0,0.0
a:UC8G5cJONY8L9voMyBW8Eoug,autor,UC8G5cJONY8L9voMyBW8Eoug,@luisparedes-pw6qt,1,1,@luisparedes-pw6qt,,,,0.0,0.0
a:UC7VUuJr9cGh845CmTvf7TlQ,autor,UC7VUuJr9cGh845CmTvf7TlQ,@LuisCastillo-oz4df,1,1,@LuisCastillo-oz4df,,,,1.0,0.0
a:UCFhxtoeARHPnXXPcDrOU3Xg,autor,UCFhxtoeARHPnXXPcDrOU3Xg,@diegoalejandrolopezmendez205,1,1,@diegoalejandrolopezmendez205,,,,2.0,0.0
a:UCAlzM_N6xBlMYmM8EBzX86Q,autor,UCAlzM_N6xBlMYmM8EBzX86Q,@carlossoto3252,1,1,@carlossoto3252,,,,3.0,0.0
a:UClqA491Xa5fQcXcJJa-vTWw,autor,UClqA491Xa5fQcXcJJa-vTWw,@AndresLemus-k2d,1,1,@AndresLemus-k2d,,,,0.0,0.0
a:UCvDwJBBY1mHK70aTEYl6rsA,autor,UCvDwJBBY1mHK70aTEYl6rsA,@cristianescobedo8296,1,1,@cristianescobedo8296,,,,1.0,0.0
a:UCWWkebAekppaL5b5CNlppuw,autor,UCWWkebAekppaL5b5CNlppuw,@ninettmartinez425,1,1,@ninettmartinez425,,,,3.0,0.0
a:UCjmPuazZJzscrwvk0QR9RVw,autor,UCjmPuazZJzscrwvk0QR9RVw,@mynorrodas8591,1,1,@mynorrodas8591,,,,2.0,0.0
a:UCipetjeiWj4CZB6EbyYziZg,autor,UCipetjeiWj4CZB6EbyYziZg,@OseasSamayoa-ol5rz,1,1,@OseasSamayoa-ol5rz,,,,0.0,0.0
a:UCZIQnb1fkwe39Iw2TAu-bGA,autor,UCZIQnb1fkwe39Iw2TAu-bGA,@jorgegomez2237,1,1,@jorgegomez2237,,,,1.0,0.0
a:UCTP3O0rMnc8z8v8jaDQwL0w,autor,UCTP3O0rMnc8z8v8jaDQwL0w,@RobertoZelaya-x1v,1,1,@RobertoZelaya-x1v,,,,1.0,0.0
a:UC3UVO7pTbeYvZ3ILEyRDskQ,autor,UC3UVO7pTbeYvZ3ILEyRDskQ,@rosaelenaargueta79,1,1,@rosaelenaargueta79,,,,1.0,0.0
a:UCuP4UK33HKtJE_S39ksmaTw,autor,UCuP4UK33HKtJE_S39ksmaTw,@herbertaguilar1387,1,1,@herbertaguilar1387,,,,0.0,0.0
a:UClsrFGJKWPxxw7MiaEdKLXw,autor,UClsrFGJKWPxxw7MiaEdKLXw,@ericapaz5406,1,1,@ericapaz5406,,,,3.0,2.0
a:UCq3mDTTRZnUybct5M9OSXbg,autor,UCq3mDTTRZnUybct5M9OSXbg,@MacoMorales-i2i2d,1,1,@MacoMorales-i2i2d,,,,1.0,0.0
a:UCGzXwyCzMzGmjmCbH3Hg01Q,autor,UCGzXwyCzMzGmjmCbH3Hg01Q,@FidelZacarias-ph7dy,1,1,@FidelZacarias-ph7dy,,,,2.0,0.0
a:UC0HvfEWozTHbwl_iEmJNvVA,autor,UC0HvfEWozTHbwl_iEmJNvVA,@OttoPalencia-b7r,1,1,@OttoPalencia-b7r,,,,3.0,0.0
a:UC14qlobYKqD-DO0j6b75lcA,autor,UC14qlobYKqD-DO0j6b75lcA,@megavision4488,1,1,@megavision4488,,,,0.0,0.0
a:UCiGRBf2RNF0WRKhRVT7zFoA,autor,UCiGRBf2RNF0WRKhRVT7zFoA,@edwinavila4876,1,1,@edwinavila4876,,,,0.0,0.0
a:UCa36MjQLoPAmgJo-R3G8WQA,autor,UCa36MjQLoPAmgJo-R3G8WQA,@elsasalguero6914,1,1,@elsasalguero6914,,,,3.0,0.0
a:UC3YpzAr7pcdKC7BVFEpYzog,autor,UC3YpzAr7pcdKC7BVFEpYzog,@carmenfigueroa1232,1,1,@carmenfigueroa1232,,,,4.0,1.0
a:UCQqlPPUGqAfWjd-FSh_qn7Q,autor,UCQqlPPUGqAfWjd-FSh_qn7Q,@estuardoargueta137,1,1,@estuardoargueta137,,,,0.0,0.0
a:UC8r11yOugM2NuRfitQOxLLg,autor,UC8r11yOugM2NuRfitQOxLLg,@cesaraugustomoralesmonroy6907,1,1,@cesaraugustomoralesmonroy6907,,,,1.0,0.0
a:UCusjriFsDHEc2AOjqk-p5ig,autor,UCusjriFsDHEc2AOjqk-p5ig,@pablobarrios7931,1,1,@pablobarrios7931,,,,2.0,0.0
a:UC5fvhAfm89JH8eDFdvc0xYw,autor,UC5fvhAfm89JH8eDFdvc0xYw,@isaidiaz2388,1,1,@isaidiaz2388,,,,0.0,0.0
a:UCAV7QIjYhbDJaycQycM_0eQ,autor,UCAV7QIjYhbDJaycQycM_0eQ,@mariavail8998,1,1,@mariavail8998,,,,3.0,0.0
a:UC3E9mAgP7VoAE5mZoAexl5g,autor,UC3E9mAgP7VoAE5mZoAexl5g,@EnnioAroche,1,1,@EnnioAroche,,,,0.0,0.0
a:UCB5p8a5gklc80jJItP6xTHg,autor,UCB5p8a5gklc80jJItP6xTHg,@ernestogamboa8737,1,1,@ernestogamboa8737,,,,6.0,0.0
a:UC1NiEdJ7gk6FlDexIalWnGg,autor,UC1NiEdJ7gk6FlDexIalWnGg,@BorisTebalán,1,1,@BorisTebal%C3%A1n,,,,0.0,0.0
a:UCdQAuWwyC99MB7Y02Umj26Q,autor,UCdQAuWwyC99MB7Y02Umj26Q,@miguelbran1268,1,1,@miguelbran1268,,,,0.0,0.0
a:UCtowGNY2lnlg6O2CkwDgkLg,autor,UCtowGNY2lnlg6O2CkwDgkLg,@taniagabrielacelis8434,1,1,@taniagabrielacelis8434,,,,2.0,0.0
a:UCp_dAUfv8i3LW3zWc24dLaQ,autor,UCp_dAUfv8i3LW3zWc24dLaQ,@MarioCortez-o6v,1,1,@MarioCortez-o6v,,,,1.0,0.0
a:UC_NRVt2UP88ZNTwzrZ66JSg,autor,UC_NRVt2UP88ZNTwzrZ66JSg,@aditalissethevasquezrojas8039,1,1,@aditalissethevasquezrojas8039,,,,2.0,0.0
a:UCRvPToDkkumha7WJAfCDk1A,autor,UCRvPToDkkumha7WJAfCDk1A,@ligiaguerra3057,1,1,@ligiaguerra3057,,,,0.0,0.0
a:UCPZueDLrCS4BmTBRMA4q0fA,autor,UCPZueDLrCS4BmTBRMA4q0fA,@kevinochoa3695,1,1,@kevinochoa3695,,,,1.0,1.0
a:UCHMQ_lDhibZ-XZ_3fo6oxwg,autor,UCHMQ_lDhibZ-XZ_3fo6oxwg,@crislexrubi4387,1,1,@crislexrubi4387,,,,16.0,0.0
a:UC7dadZG7kkGYnsNu6td0FbA,autor,UC7dadZG7kkGYnsNu6td0FbA,@lesolorzano,1,1,@lesolorzano,,,,18.0,0.0
a:UCFFrEmn6lPYiWyElpfzTy5Q,autor,UCFFrEmn6lPYiWyElpfzTy5Q,@denilsonlopez4083,1,1,@denilsonlopez4083,,,,0.0,0.0
a:UCNiMNUJvaRJb0_QLClqwVnA,autor,UCNiMNUJvaRJb0_QLClqwVnA,@Santiago.Nolasco,1,1,@Santiago.Nolasco,,,,2.0,0.0
a:UCs_5qeqdku9tGAq22y3OcuQ,autor,UCs_5qeqdku9tGAq22y3OcuQ,@alexandrevasquez4135,1,1,@alexandrevasquez4135,,,,4.0,0.0
a:UCCBYcToQ2dwkd6TJh0FSyDg,autor,UCCBYcToQ2dwkd6TJh0FSyDg,@lidiarodriguez3493,1,1,@lidiarodriguez3493,,,,0.0,0.0
a:UCxcoDvP-g2_KTZDmVZtvb3w,autor,UCxcoDvP-g2_KTZDmVZtvb3w,@angelmartinez9523,1,1,@angelmartinez9523,,,,0.0,0.0
a:UCW-JC6lebVmf2P1dmY_L94g,autor,UCW-JC6lebVmf2P1dmY_L94g,@dinoraoroxon5771,1,1,@dinoraoroxon5771,,,,0.0,0.0
a:UCgJNFj5dnxXpcMvmuhZDPxA,autor,UCgJNFj5dnxXpcMvmuhZDPxA,@NataliaRodriguez-rx5mr,1,1,@NataliaRodriguez-rx5mr,,,,1.0,0.0
a:UCFoIAE8k82D6AV-8gjjKaNg,autor,UCFoIAE8k82D6AV-8gjjKaNg,@eddymunoz9789,1,1,@eddymunoz9789,,,,1.0,1.0
a:UCe8JZoYkX5oKUZyivHYdXhw,autor,UCe8JZoYkX5oKUZyivHYdXhw,@FernandoGarcia-jg1fj,1,1,@FernandoGarcia-jg1fj,,,,0.0,0.0
a:UCnU8wO1OurAmGstDw6VGjgQ,autor,UCnU8wO1OurAmGstDw6VGjgQ,@cmorera21,1,1,@cmorera21,,,,0.0,0.0
a:UCf5lnNZF7Qrtli9v4N_23WQ,autor,UCf5lnNZF7Qrtli9v4N_23WQ,@CarlosCortez-v5r,1,1,@CarlosCortez-v5r,,,,0.0,0.0
a:UCW80DaMjQlEUibC98Cot-Dg,autor,UCW80DaMjQlEUibC98Cot-Dg,@rogeraldana4289,1,1,@rogeraldana4289,,,,0.0,0.0
a:UCDrmf9y9nLgFY5wnA2hTuGA,autor,UCDrmf9y9nLgFY5wnA2hTuGA,@laboratorio5528,1,1,@laboratorio5528,,,,1.0,0.0
a:UCTD6q1nyIe3Y7HhqjaMj72w,autor,UCTD6q1nyIe3Y7HhqjaMj72w,@JuanChang-r6k,1,1,@JuanChang-r6k,,,,8.0,0.0
a:UC0aEyakBPqcBkVJiErfSupQ,autor,UC0aEyakBPqcBkVJiErfSupQ,@jhonymanuel9891,1,1,@jhonymanuel9891,,,,70.0,0.0
a:UC650pRT-OYzny3GwOH8Cgfw,autor,UC650pRT-OYzny3GwOH8Cgfw,@edvinparedesherrera7632,1,1,@edvinparedesherrera7632,,,,1.0,0.0
a:UCWoAVGVqCn4xtINCMOTM4jg,autor,UCWoAVGVqCn4xtINCMOTM4jg,@OmarMartinez-vv8re,1,1,@OmarMartinez-vv8re,,,,0.0,0.0
a:UCDPWkUX3sNNaCx-m1dV4glA,autor,UCDPWkUX3sNNaCx-m1dV4glA,@hectoroliva949,1,1,@hectoroliva949,,,,0.0,0.0
a:UCsGoJEvb-cFPZ2rWoJcXzEQ,autor,UCsGoJEvb-cFPZ2rWoJcXzEQ,@sergiohinestroza9709,1,1,@sergiohinestroza9709,,,,10.0,0.0
a:UCfM3nrxtTQMY5jFx1v1J4Gg,autor,UCfM3nrxtTQMY5jFx1v1J4Gg,@edgarroldan5539,1,1,@edgarroldan5539,,,,0.0,0.0
a:UCp4iw5_5SmV9VGTFSNVGOmQ,autor,UCp4iw5_5SmV9VGTFSNVGOmQ,@CARLOSSTREMS51,1,1,@CARLOSSTREMS51,,,,0.0,0.0
a:UCIp19h9igblA2YKfSLPDAug,autor,UCIp19h9igblA2YKfSLPDAug,@JoseReyes-rn6sh,1,1,@JoseReyes-rn6sh,,,,14.0,1.0
a:UCwha8rxULYMVtNwZWeSkE1A,autor,UCwha8rxULYMVtNwZWeSkE1A,@mariasamo8637,1,1,@mariasamo8637,,,,0.0,0.0
a:UCHbwIx9pmQuf7i-4_xO2EpA,autor,UCHbwIx9pmQuf7i-4_xO2EpA,@caminoseternos752,1,1,@caminoseternos752,,,,0.0,0.0
a:UCu8_3-Wg-YzNyvHYQDEscfw,autor,UCu8_3-Wg-YzNyvHYQDEscfw,@RolandoCastroPérez-d7y,1,1,@RolandoCastroP%C3%A9rez-d7y,,,,2.0,0.0
a:UCIgoiXdIKJyUGmUoH2Lxdzg,autor,UCIgoiXdIKJyUGmUoH2Lxdzg,@susievidal4134,1,1,@susievidal4134,,,,3.0,0.0
a:UCXN2s7DwTJm33xO-pNkAdaA,autor,UCXN2s7DwTJm33xO-pNkAdaA,@edithsan7688,1,1,@edithsan7688,,,,0.0,0.0
a:UCgLrWFdYitoP-b7-PxtUr-w,autor,UCgLrWFdYitoP-b7-PxtUr-w,@zetag,1,1,@zetag,,,,405.0,3.0
a:UCAKuKvcbfnBD3kF5njNu-IA,autor,UCAKuKvcbfnBD3kF5njNu-IA,@melvinlopez7096,1,1,@melvinlopez7096,,,,0.0,0.0
a:UCFxE8GbokBrBsPEKM1xrOjQ,autor,UCFxE8GbokBrBsPEKM1xrOjQ,@JuanDavila-qd7qj,1,1,@JuanDavila-qd7qj,,,,10.0,0.0
a:UCk4O-J1BhoqPmig1KLGJePA,autor,UCk4O-J1BhoqPmig1KLGJePA,@lazarobarillas3575,1,1,@lazarobarillas3575,,,,0.0,0.0
a:UCUoYsrx1oZnCZ0usbBJn4fA,autor,UCUoYsrx1oZnCZ0usbBJn4fA,@AnaDiaz-re9sq,1,1,@AnaDiaz-re9sq,,,,1.0,0.0
a:UCHu8x4MVkayU6VgwVKd--MQ,autor,UCHu8x4MVkayU6VgwVKd--MQ,@Hernandez-i1o,1,1,@Hernandez-i1o,,,,1.0,0.0
a:UC-jS_kA9w-OmpupXDx156Rg,autor,UC-jS_kA9w-OmpupXDx156Rg,@simoncreyesc7579,1,1,@simoncreyesc7579,,,,2.0,0.0
a:UChT7pzGytNd92Nmvi-zuWog,autor,UChT7pzGytNd92Nmvi-zuWog,@sparkvalkov,1,1,@sparkvalkov,,,,1.0,0.0
a:UChZknRmJkeGeQk0-mQuhDOg,autor,UChZknRmJkeGeQk0-mQuhDOg,@OdilioRodríguez-c5w,1,1,@OdilioRodr%C3%ADguez-c5w,,,,1.0,0.0
a:UCOARn3hnfkB7-_Rwa8Hoqcw,autor,UCOARn3hnfkB7-_Rwa8Hoqcw,@nicelol5241,1,1,@nicelol5241,,,,0.0,0.0
a:UC9Wp6vL5oCU37qC3Aj94WZA,autor,UC9Wp6vL5oCU37qC3Aj94WZA,@ManuelSanchez-b8q2z,1,1,@ManuelSanchez-b8q2z,,,,0.0,0.0
a:UCIXLDYqR_syskKRJy_x9W9Q,autor,UCIXLDYqR_syskKRJy_x9W9Q,@carlitosramirez4739,1,1,@carlitosramirez4739,,,,0.0,0.0
a:UCYN4wSQ1Sx4_LurxLlW7MPg,autor,UCYN4wSQ1Sx4_LurxLlW7MPg,@belarminavillatoro6474,1,1,@belarminavillatoro6474,,,,0.0,0.0
a:UCTTILH6QCIxbTnEWxwRqs1g,autor,UCTTILH6QCIxbTnEWxwRqs1g,@3762Jorge,1,1,@3762Jorge,,,,0.0,0.0
a:UC5bG9nc_JV3FsNP2KseQiYw,autor,UC5bG9nc_JV3FsNP2KseQiYw,@giovannirodas4836,1,1,@giovannirodas4836,,,,2.0,0.0
a:UCKDR0f2fu2UzWL8mBv5-BHw,autor,UCKDR0f2fu2UzWL8mBv5-BHw,@mireyamorales6595,1,1,@mireyamorales6595,,,,0.0,0.0
a:UCbYoNG5J3Au5BqtbXogfEFw,autor,UCbYoNG5J3Au5BqtbXogfEFw,@Luis-gn3fj,1,1,@Luis-gn3fj,,,,1.0,0.0
a:UCl0ekS9Tt0jJGtOEM18S63w,autor,UCl0ekS9Tt0jJGtOEM18S63w,@monkchapin,1,1,@monkchapin,,,,0.0,0.0
a:UCVQf0tzL7xRzFJsABVVULpg,autor,UCVQf0tzL7xRzFJsABVVULpg,@DennisseLopetegi,1,1,@DennisseLopetegi,,,,0.0,0.0
a:UCsSXdJct-nsS8DsABoEsaYA,autor,UCsSXdJct-nsS8DsABoEsaYA,@IvánPérez-j4j,1,1,@Iv%C3%A1nP%C3%A9rez-j4j,,,,2.0,1.0
a:UC9xr9QvIcDvoZNUX5f-jaZw,autor,UC9xr9QvIcDvoZNUX5f-jaZw,@MariaaliciaColonmorales,1,1,@MariaaliciaColonmorales,,,,0.0,0.0
a:UCpl8rF8uv_8uui-QRvuJaRA,autor,UCpl8rF8uv_8uui-QRvuJaRA,@SergioGarcia-z9c,1,1,@SergioGarcia-z9c,,,,0.0,0.0
a:UClhMWQ7XKWywYvbRnuf8QsA,autor,UClhMWQ7XKWywYvbRnuf8QsA,@EcPerez-zz9oh,1,1,@EcPerez-zz9oh,,,,0.0,0.0
a:UC4kg7zuTfqQKLd2bkZrSYBA,autor,UC4kg7zuTfqQKLd2bkZrSYBA,@zoilagarcia9019,1,1,@zoilagarcia9019,,,,0.0,0.0
a:UCbNanjFI51cwGqMAb2rOrBw,autor,UCbNanjFI51cwGqMAb2rOrBw,@RosaMontesdeOca777,1,1,@RosaMontesdeOca777,,,,0.0,0.0
a:UC2weSE8rpqkGMOp6StYtVfg,autor,UC2weSE8rpqkGMOp6StYtVfg,@katerynsantiago2907,1,1,@katerynsantiago2907,,,,1.0,0.0
a:UCyzf29IYjNw67gGIfsjgtxA,autor,UCyzf29IYjNw67gGIfsjgtxA,@carlosoliva9249,1,1,@carlosoliva9249,,,,45.0,0.0
a:UCaT6M2zp7X6r6Whd8Vv3kHQ,autor,UCaT6M2zp7X6r6Whd8Vv3kHQ,@alexarcos8349,1,1,@alexarcos8349,,,,1.0,0.0
a:UC3NMzdMYryaw82kPTnsaljg,autor,UC3NMzdMYryaw82kPTnsaljg,@marisosa7832,1,1,@marisosa7832,,,,0.0,0.0
a:UCSou6a2OuYGSvPjm5psquyA,autor,UCSou6a2OuYGSvPjm5psquyA,@FranciscoRivera-sf7ne,1,1,@FranciscoRivera-sf7ne,,,,0.0,0.0
a:UCGqKxQS-z3NZzZF-2w338AA,autor,UCGqKxQS-z3NZzZF-2w338AA,@samuelaguilar529,1,1,@samuelaguilar529,,,,211.0,3.0
a:UCXO1BBohNWXkK9SBDAG2ySg,autor,UCXO1BBohNWXkK9SBDAG2ySg,@JBFlute92,1,1,@JBFlute92,,,,0.0,0.0
a:UChyps3dqY-VY1_wLeq-2lhw,autor,UChyps3dqY-VY1_wLeq-2lhw,@maydamorales4395,1,1,@maydamorales4395,,,,14.0,1.0
a:UCXgr7vXlRrsaskPdo097kGA,autor,UCXgr7vXlRrsaskPdo097kGA,@Rogergh-nw4oj,1,1,@Rogergh-nw4oj,,,,0.0,0.0
a:UC4cXueR2bKGFJV0Fk76gwmA,autor,UC4cXueR2bKGFJV0Fk76gwmA,@aluxdel4792,1,1,@aluxdel4792,,,,0.0,0.0
a:UCmvOgzmmXbjUthHy-WJ52hQ,autor,UCmvOgzmmXbjUthHy-WJ52hQ,@mariorodas593,1,1,@mariorodas593,,,,1.0,0.0
a:UC6xI_MOaxajIWpoP8BH6E_Q,autor,UC6xI_MOaxajIWpoP8BH6E_Q,@jahirdiaz5862,1,1,@jahirdiaz5862,,,,0.0,0.0
a:UCtMBF_1O2jY2INlb_luuB_A,autor,UCtMBF_1O2jY2INlb_luuB_A,@mynorgudiel8646,1,1,@mynorgudiel8646,,,,15.0,0.0
a:UCrqXyRsg-_hTosURZ-uvoKg,autor,UCrqXyRsg-_hTosURZ-uvoKg,@flornolberto2425,1,1,@flornolberto2425,,,,0.0,0.0
a:UCGZMgmM92E3njyXNe9-kjAQ,autor,UCGZMgmM92E3njyXNe9-kjAQ,@pasionpornada,1,1,@pasionpornada,,,,2.0,1.0
a:UCOY3XpD9qMCRSA8AA8c4CAw,autor,UCOY3XpD9qMCRSA8AA8c4CAw,@franciscorodas9686,1,1,@franciscorodas9686,,,,1.0,0.0
a:UCfRqgt2O-vjzUDMZY_tnxQw,autor,UCfRqgt2O-vjzUDMZY_tnxQw,@Williams-Garcia67E,1,1,@Williams-Garcia67E,,,,0.0,0.0
a:UCjJf-AJKRFFWtiN-CSwkDmA,autor,UCjJf-AJKRFFWtiN-CSwkDmA,@2jose82,1,1,@2jose82,,,,0.0,0.0
a:UCBtB5dIyx-C16UN8ClUD2UA,autor,UCBtB5dIyx-C16UN8ClUD2UA,@alexmonzon4257,1,1,@alexmonzon4257,,,,0.0,0.0
a:UCDUffaruH6dyUnUGwsTKpgg,autor,UCDUffaruH6dyUnUGwsTKpgg,@luisletona2842,1,1,@luisletona2842,,,,2.0,0.0
a:UCgGqw4aqMdMVSGkKiMgrJRQ,autor,UCgGqw4aqMdMVSGkKiMgrJRQ,@pattyfigueroa5609,1,1,@pattyfigueroa5609,,,,0.0,0.0
a:UC32oozucwCF3q8d4m8fyOUg,autor,UC32oozucwCF3q8d4m8fyOUg,@RauldejesusOlivagonzalez,1,1,@RauldejesusOlivagonzalez,,,,0.0,0.0
a:UCvApqeCbLod-wejtT4CcVuA,autor,UCvApqeCbLod-wejtT4CcVuA,@davidgaher9550,1,1,@davidgaher9550,,,,15.0,0.0
a:UCHGd14aYuZZShLD73dkk6mg,autor,UCHGd14aYuZZShLD73dkk6mg,@noemiherrera3152,1,1,@noemiherrera3152,,,,0.0,0.0
a:UCiMythXHsw7eQEMykCdmMUA,autor,UCiMythXHsw7eQEMykCdmMUA,@JavierBecerra-h6x,1,1,@JavierBecerra-h6x,,,,2.0,0.0
a:UC-fiZBS5Gp1eCJd9ucgWnCg,autor,UC-fiZBS5Gp1eCJd9ucgWnCg,@Tommii.10,1,1,@Tommii.10,,,,6.0,0.0
a:UC5PrBbmUlQolwqmiru7yZhw,autor,UC5PrBbmUlQolwqmiru7yZhw,@lazarochavez8269,1,1,@lazarochavez8269,,,,0.0,1.0
a:UC094EFEmMSdwVa8NQjjYBXg,autor,UC094EFEmMSdwVa8NQjjYBXg,@CelestinoQuej-j7k,1,1,@CelestinoQuej-j7k,,,,0.0,0.0
a:UCGm3gRBEHGRJYmtCryZLtDw,autor,UCGm3gRBEHGRJYmtCryZLtDw,@JoséLopez-g6k,1,1,@Jos%C3%A9Lopez-g6k,,,,0.0,0.0
a:UCwUAv3_LpWVtTIi7lkmTL7A,autor,UCwUAv3_LpWVtTIi7lkmTL7A,@kingr4706,1,1,@kingr4706,,,,16.0,0.0
a:UC5wuDq3U3vRAhOQI3D7gNdw,autor,UC5wuDq3U3vRAhOQI3D7gNdw,@allanreneramirezgonzalez534,1,1,@allanreneramirezgonzalez534,,,,2.0,1.0
a:UCsJJAvrVGupdmhOqgtDp8dg,autor,UCsJJAvrVGupdmhOqgtDp8dg,@nestorlorenzana1168,1,1,@nestorlorenzana1168,,,,1.0,0.0
a:UCtNfIBnc5S5DbbQj_yxgJTw,autor,UCtNfIBnc5S5DbbQj_yxgJTw,@JosueRamirez-ey3ih,1,1,@JosueRamirez-ey3ih,,,,1.0,0.0
a:UC-Iul5tDYH_oiAMXQH-KaaQ,autor,UC-Iul5tDYH_oiAMXQH-KaaQ,@AlbertoMancilla-p9h,1,1,@AlbertoMancilla-p9h,,,,1.0,0.0
a:UCyW68EGZey4ao_Vf2cR5Ztg,autor,UCyW68EGZey4ao_Vf2cR5Ztg,@ZabalaXabier,1,1,@ZabalaXabier,,,,0.0,0.0
a:UCZjm6U576nX8WOiLhmMR3bw,autor,UCZjm6U576nX8WOiLhmMR3bw,@MariaNavarroYT,1,1,@MariaNavarroYT,,,,3.0,1.0
a:UC_LYoGs5C3mbZKZuKuqYCvw,autor,UC_LYoGs5C3mbZKZuKuqYCvw,@javiercifuentesarchila6041,1,1,@javiercifuentesarchila6041,,,,7.0,0.0
a:UCRfkkatKrNtAARnXMMYBGlA,autor,UCRfkkatKrNtAARnXMMYBGlA,@BernerSoza-mg3vx,1,1,@BernerSoza-mg3vx,,,,0.0,0.0
a:UCA93ym2TXs_Ibyxb4Vcn-6Q,autor,UCA93ym2TXs_Ibyxb4Vcn-6Q,@oswaldosolis8728,1,1,@oswaldosolis8728,,,,0.0,0.0
a:UCAmtbUiIrUIhikru0ZoTFig,autor,UCAmtbUiIrUIhikru0ZoTFig,@Aura-vf6dm,1,1,@Aura-vf6dm,,,,7.0,0.0
a:UCr1emrogPKkKTs_WTtx71xg,autor,UCr1emrogPKkKTs_WTtx71xg,@domingopeneleu6457,1,1,@domingopeneleu6457,,,,0.0,0.0
a:UCRznz9-N3Qc1w-qNdLSIY2Q,autor,UCRznz9-N3Qc1w-qNdLSIY2Q,@jimmygomez724,1,1,@jimmygomez724,,,,14.0,0.0
a:UCY7Hq7F9Lnucf-Yr6JkHZNw,autor,UCY7Hq7F9Lnucf-Yr6JkHZNw,@maynorcalel1442,1,1,@maynorcalel1442,,,,79.0,0.0
a:UCjSKM9j0Q7HLDr1hD6D-TUw,autor,UCjSKM9j0Q7HLDr1hD6D-TUw,@josehidalgo4875,1,1,@josehidalgo4875,,,,2.0,0.0
a:UCwCfs-2zbD5k0lG-UVg_JBw,autor,UCwCfs-2zbD5k0lG-UVg_JBw,@JessicaHuaz-96,1,1,@JessicaHuaz-96,,,,0.0,0.0
a:UC8xlJWNHz1V_W6q3fbuQH8g,autor,UC8xlJWNHz1V_W6q3fbuQH8g,@NormaLópez-v7e,1,1,@NormaL%C3%B3pez-v7e,,,,1.0,0.0
a:UCgQJgI9vu1FI2dnC9mrFthw,autor,UCgQJgI9vu1FI2dnC9mrFthw,@srms70,1,1,@srms70,,,,2.0,0.0
a:UCRETAiYdh2dL5ZxB0_N1zDA,autor,UCRETAiYdh2dL5ZxB0_N1zDA,@Joseroland21,1,1,@Joseroland21,,,,0.0,0.0
a:UCi-vPdnpQreC7BkFs40mJGA,autor,UCi-vPdnpQreC7BkFs40mJGA,@bryansicasales4280,1,1,@bryansicasales4280,,,,35.0,0.0
a:UCsjs5Hp_r86x1xbK6FAeqaA,autor,UCsjs5Hp_r86x1xbK6FAeqaA,@alvaroesquivel563,1,1,@alvaroesquivel563,,,,2.0,0.0
a:UCRcSR3Lvn9DZAmJpVPANfZQ,autor,UCRcSR3Lvn9DZAmJpVPANfZQ,@WalksandSuch,1,1,@WalksandSuch,,,,68.0,0.0
a:UCGX_UbAQOXGZknv5iqklwTA,autor,UCGX_UbAQOXGZknv5iqklwTA,@ronaldgarcia8522,1,1,@ronaldgarcia8522,,,,1.0,0.0
a:UC-hfX8J5JPJ-dfuakzegMLA,autor,UC-hfX8J5JPJ-dfuakzegMLA,@normaleticiaorozcojuarez2418,1,1,@normaleticiaorozcojuarez2418,,,,6.0,0.0
v:n8iP75gIpmw,video,n8iP75gIpmw,Qué rico come tu diputado,128,161,,Quorum,News & Politics,11775.0,358.0,3.0
v:j43HgwYFKfk,video,j43HgwYFKfk,La cooptación de Walter Mazariegos en la USAC,49,50,,Quorum,News & Politics,10156.0,91.0,0.0
v:6W4u8sGEnGM,video,6W4u8sGEnGM,Inician los trabajos de recuperación del Puente Belice II.,32,45,,Gobierno de la República de Guatemala,Entertainment,11670.0,90.0,11.0
v:OkXlHx0hx-8,video,OkXlHx0hx-8,EE.UU. envía a mexicanos deportados a Guatemala antes de su regreso a México | Noticias Telemundo,18,25,,Noticias Telemundo,News & Politics,14200.0,25.0,13.0
v:lj983NWyAQY,video,lj983NWyAQY,Plan 2032 Ciudad de Guatemala,25,25,,Municipalidad de Guatemala,News & Politics,304089.0,1697.0,16.0
v:PjmxCj-a9Hg,video,PjmxCj-a9Hg,Conferencia de Prensa del Gobierno de Guatemala. #LaRondaGt,19,25,,Gobierno de la República de Guatemala,Entertainment,3628.0,20.0,4.0
v:yLZS3JiEBg8,video,yLZS3JiEBg8,Arroz con pollo a la MONOPOLIO,16,16,,Quorum,News & Politics,1954.0,13.0,0.0
v:06mFNPU0aB8,video,06mFNPU0aB8,Capturan a presuntos delincuentes disfrazados de mujer señalados de cometer asalto,13,14,,Noti7,News & Politics,6692.0,12.0,1.0
v:ndAZjHqzzT8,video,ndAZjHqzzT8,Internet: escoger el menos malo,10,12,,Quorum,News & Politics,717.0,3.0,1.0
v:b_Hkrkl3adA,video,b_Hkrkl3adA,Bloqueos en Guatemala este 31 de agosto por alza en combustibles afectan rutas principales,7,7,,PrensaLibreOficial,News & Politics,5469.0,1.0,1.0
v:is3Mk5oC19g,video,is3Mk5oC19g,Capturan a ladrón que había quedado grabado mientras robaba en una parroquia de Retalhuleu,7,7,,TN23 Guatemala,News & Politics,4616.0,0.0,1.0
v:WIUZtitfLRw,video,WIUZtitfLRw,Caminar en una ciudad hecha para carros,6,6,,Quorum,News & Politics,422.0,1.0,0.0
v:TT4qJ5FXHYE,video,TT4qJ5FXHYE,"I’x K’at: el primer equipo guatemalteco de pelota maya, conformado únicamente por mujeres.",4,4,,Quorum,News & Politics,1075.0,8.0,0.0
v:JkpVO1hx2f8,video,JkpVO1hx2f8,10 Preguntas a un año del Paro Nacional,3,3,,Quorum,News & Politics,673.0,4.0,0.0
v:3Nfp9h5avBI,video,3Nfp9h5avBI,"Noticiero en Directo 1 pm, 28 de Agosto de 2026",2,2,,Noticiero Guatevisión 13 Hrs.,News & Politics,573.0,0.0,0.0
v:X_FAIef8qlE,video,X_FAIef8qlE,Cruzando la ciudad a puro Transmetro,1,1,,Quorum,News & Politics,1140.0,0.0,0.0
v:zweosulrwA8,video,zweosulrwA8,Edén por Salud: empleo inclusivo para personas con discapacidad en Antigua | Super - Episodio 2,1,1,,Quorum,Nonprofits & Activism,52.0,0.0,0.0
v:UhL9y3KUl8E,video,UhL9y3KUl8E,SHAI WA: la vecina queer de Casa Presidencial,1,1,,Quorum,News & Politics,1755.0,2.0,0.0
v:s0eco-BofOs,video,s0eco-BofOs,¿Quiénes pagan más en Centroamérica?,1,1,,Quorum,News & Politics,220.0,0.0,0.0
